partner,media,replicate,intermixing_indices,rings,mean_intermixing,sector_size_Oa,sector_size_partner,oa_frequency
AlFa,FAT_ns,1,"[0.19600990053858816, 0.18799691718323708, 0.15286306708669767, 0.1621088171121028, 0.17012180046745387, 0.14978115041156265, 0.1627252004471298, 0.14731561707145463, 0.18060031716291297, 0.18614776717815604, 0.1097162336348072, 0.16642350045729182, 0.17936755049285896, 0.1374534837110225, 0.14854838374150864, 0.1454664670663736, 0.17073818380248088, 0.13067326702572543, 0.15594498376183272, 0.1540958337567517, 0.1904624505233451, 0.18491500050810203, 0.182449467167994, 0.19477713386853415, 0.23176013397015455, 0.17628563381772394, 0.16087605044204878, 0.16642350045729182, 0.1633415837821568, 0.12266028367037435, 0.15163030041664366, 0.15779413376691373, 0.14669923373642763, 0.16025966710702177, 0.09060835024897, 0.11156538363988823, 0.15902690043696774, 0.13313880036583348, 0.12327666700540135, 0.1380698670460495, 0.1362207170409685, 0.14423370039631958, 0.14793200040648163, 0.10725070029469917, 0.1090998502997802, 0.13128965036075244, 0.11218176697491523, 0.1097162336348072, 0.09738856693426708, 0.10601793362464516, 0.08814281690886197, 0.09492303359415905, 0.091224733583997, 0.07026770019307878, 0.08321175022864591, 0.10416878361956415, 0.1263585836805364, 0.10478516695459116, 0.10231963361448312, 0.11588006698507727, 0.12574220034550937, 0.11464730031502327, 0.08321175022864591, 0.12574220034550937, 0.13930263371610352, 0.1004704836094021, 0.1362207170409685, 0.0998541002743751, 0.1534794504217247, 0.14731561707145463, 0.12450943367545537, 0.12512581701048237, 0.11403091697999625, 0.06595301684788972, 0.07581515020832183, 0.07951345021848387, 0.10601793362464516, 0.08012983355351089, 0.08752643357383497, 0.08691005023880796, 0.10786708362972619, 0.08012983355351089, 0.13190603369577944, 0.08752643357383497, 0.08382813356367293, 0.09738856693426708, 0.09862133360432108, 0.09677218359924006, 0.11588006698507727, 0.08382813356367293, 0.07211685019815979, 0.059789183497619657, 0.07150046686313279, 0.06102195016767367, 0.061638333502700676, 0.09800495026929408, 0.0727332335331868, 0.04869428346713354, 0.06533663351286272, 0.03883215010670143, 0.06225471683772769, 0.07458238353826782, 0.05300896681232258, 0.05855641682756564, 0.04931066680216054, 0.03143555008637734, 0.05054343347221456, 0.04314683345189047, 0.05917280016259265, 0.0363666167665934, 0.04068130011178245, 0.04992705013718755, 0.04684513346205251, 0.03821576677167442, 0.021573416725945236, 0.04499598345697149, 0.04376321678691748, 0.02095703339091823, 0.018491500050810204, 0.03451746676151238, 0.02527171673610728, 0.01910788338583721, 0.021573416725945236, 0.019724266720864216, 0.03390108342648537, 0.04807790013210653, 0.04253045011686347, 0.027737250076215306, 0.03328470009145837, 0.03575023343156639, 0.02835363341124231, 0.04129768344680945, 0.03759938343664741, 0.021573416725945236, 0.03821576677167442, 0.03821576677167442, 0.01725873338075619, 0.014176816705621155, 0.004931066680216054, 0.012944050035567142, 0.006780216685297075, 0.014793200040648163, 0.011711283365513128, 0.017875116715783197, 0.01910788338583721, 0.024038950066053263, 0.02280618339599925, 0.03143555008637734, 0.009862133360432108, 0.011711283365513128, 0.01910788338583721, 0.012944050035567142, 0.011711283365513128, 0.0]","[52.5, 57.5, 62.5, 67.5, 72.5, 77.5, 82.5, 87.5, 92.5, 97.5, 102.5, 107.5, 112.5, 117.5, 122.5, 127.5, 132.5, 137.5, 142.5, 147.5, 152.5, 157.5, 162.5, 167.5, 172.5, 177.5, 182.5, 187.5, 192.5, 197.5, 202.5, 207.5, 212.5, 217.5, 222.5, 227.5, 232.5, 237.5, 242.5, 247.5, 252.5, 257.5, 262.5, 267.5, 272.5, 277.5, 282.5, 287.5, 292.5, 297.5, 302.5, 307.5, 312.5, 317.5, 322.5, 327.5, 332.5, 337.5, 342.5, 347.5, 352.5, 357.5, 362.5, 367.5, 372.5, 377.5, 382.5, 387.5, 392.5, 397.5, 402.5, 407.5, 412.5, 417.5, 422.5, 427.5, 432.5, 437.5, 442.5, 447.5, 452.5, 457.5, 462.5, 467.5, 472.5, 477.5, 482.5, 487.5, 492.5, 497.5, 502.5, 507.5, 512.5, 517.5, 522.5, 527.5, 532.5, 537.5, 542.5, 547.5, 552.5, 557.5, 562.5, 567.5, 572.5, 577.5, 582.5, 587.5, 592.5, 597.5, 602.5, 607.5, 612.5, 617.5, 622.5, 627.5, 632.5, 637.5, 642.5, 647.5, 652.5, 657.5, 662.5, 667.5, 672.5, 677.5, 682.5, 687.5, 692.5, 697.5, 702.5, 707.5, 712.5, 717.5, 722.5, 727.5, 732.5, 737.5, 742.5, 747.5, 752.5, 757.5, 762.5, 767.5, 772.5, 777.5, 782.5, 787.5, 792.5, 797.5, 802.5, 807.5, 812.5, 817.5]",0.04599660575409327,5.133504450334192,245.75886880702726,0.044827302547017514
AlFa,FAT_ns,2,"[0.15174804903986816, 0.1473586426626819, 0.18623624200347458, 0.1856091839495908, 0.18623624200347458, 0.15551039736317068, 0.21821620275154596, 0.19564211281173086, 0.20943738999717343, 0.15425628125540317, 0.23075736382922102, 0.21696208664377845, 0.18937153227289333, 0.12791984299228557, 0.1831009517340558, 0.16554332622531073, 0.1780844873029858, 0.16679744233307822, 0.13356336547723935, 0.17933860341075328, 0.15739157152482194, 0.1341904235311231, 0.16240803595589196, 0.12415749466898304, 0.16930567454861326, 0.12666572688451805, 0.14798570071656564, 0.14798570071656564, 0.17557625508745078, 0.14234217823161188, 0.1711868487102645, 0.172440964818032, 0.17055979065638074, 0.13544453963889058, 0.12791984299228557, 0.14046100406996062, 0.13983394601607688, 0.15300216514763568, 0.09092341781314416, 0.11600573996849425, 0.1617809779020082, 0.1617809779020082, 0.16240803595589196, 0.12039514634568053, 0.1461045265549144, 0.12791984299228557, 0.14108806212384437, 0.15551039736317068, 0.13293630742335558, 0.10722692721412172, 0.11349750775295925, 0.1260386688306343, 0.08841518559760914, 0.11036221748354048, 0.1285469010461693, 0.12415749466898304, 0.12039514634568053, 0.11600573996849425, 0.10471869499858671, 0.14359629433937937, 0.10158340472916795, 0.09343165002867916, 0.11976808829179678, 0.11098927553742424, 0.09531282419033042, 0.0928045919747954, 0.08841518559760914, 0.09343165002867916, 0.07650108257381784, 0.13983394601607688, 0.1392068879621931, 0.10471869499858671, 0.13795277185442562, 0.11287044969907549, 0.12164926245344804, 0.11036221748354048, 0.1276063139653437, 0.11443809483378488, 0.10409163694470296, 0.10471869499858671, 0.10942163040271485, 0.10283752083693545, 0.09468576613644666, 0.09719399835198168, 0.09217753392091166, 0.08527989532819037, 0.09217753392091166, 0.10722692721412172, 0.10534575305247046, 0.14234217823161188, 0.13607159769277435, 0.10158340472916795, 0.11851397218402927, 0.07900931478935284, 0.07273873425051532, 0.06207874733449152, 0.07336579230439907, 0.07461990841216658, 0.04452112182574645, 0.05329993458011898, 0.03950465739467642, 0.042012889610211435, 0.05392699263400274, 0.0464022959873977, 0.05204581847235148, 0.03197996074807139, 0.04828347014904896, 0.025082322155350112, 0.056435224849537745, 0.023828206047582606, 0.0225740899398151, 0.040131715448560173, 0.030098786586420134, 0.04075877350244393, 0.043894063771862696, 0.015049393293210067, 0.03636936712525766, 0.024455264101466357, 0.02069291577816384, 0.04326700571797894, 0.040131715448560173, 0.04452112182574645, 0.02759055437088512, 0.019438799670396335, 0.019438799670396335, 0.02069291577816384, 0.02696349631700137, 0.04075877350244393, 0.011914103023791303, 0.019438799670396335, 0.023828206047582606, 0.010032928862140043, 0.007524696646605033, 0.0037623483233025167, 0.0225740899398151, 0.018811741616512584, 0.014422335239326314, 0.010659986916023797, 0.009405870808256292, 0.011914103023791303, 0.005643522484953775, 0.015049393293210067, 0.0037623483233025167, 0.008778812754372539, 0.02696349631700137, 0.012541161077675056, 0.02947172853253638, 0.013168219131558807, 0.023828206047582606, 0.01379527718544256, 0.0225740899398151, 0.010659986916023797, 0.007524696646605033, 0.015049393293210067]","[52.5, 57.5, 62.5, 67.5, 72.5, 77.5, 82.5, 87.5, 92.5, 97.5, 102.5, 107.5, 112.5, 117.5, 122.5, 127.5, 132.5, 137.5, 142.5, 147.5, 152.5, 157.5, 162.5, 167.5, 172.5, 177.5, 182.5, 187.5, 192.5, 197.5, 202.5, 207.5, 212.5, 217.5, 222.5, 227.5, 232.5, 237.5, 242.5, 247.5, 252.5, 257.5, 262.5, 267.5, 272.5, 277.5, 282.5, 287.5, 292.5, 297.5, 302.5, 307.5, 312.5, 317.5, 322.5, 327.5, 332.5, 337.5, 342.5, 347.5, 352.5, 357.5, 362.5, 367.5, 372.5, 377.5, 382.5, 387.5, 392.5, 397.5, 402.5, 407.5, 412.5, 417.5, 422.5, 427.5, 432.5, 437.5, 442.5, 447.5, 452.5, 457.5, 462.5, 467.5, 472.5, 477.5, 482.5, 487.5, 492.5, 497.5, 502.5, 507.5, 512.5, 517.5, 522.5, 527.5, 532.5, 537.5, 542.5, 547.5, 552.5, 557.5, 562.5, 567.5, 572.5, 577.5, 582.5, 587.5, 592.5, 597.5, 602.5, 607.5, 612.5, 617.5, 622.5, 627.5, 632.5, 637.5, 642.5, 647.5, 652.5, 657.5, 662.5, 667.5, 672.5, 677.5, 682.5, 687.5, 692.5, 697.5, 702.5, 707.5, 712.5, 717.5, 722.5, 727.5, 732.5, 737.5, 742.5, 747.5, 752.5, 757.5, 762.5, 767.5, 772.5, 777.5, 782.5, 787.5, 792.5, 797.5, 802.5, 807.5, 812.5, 817.5]",0.045677514600441164,5.088656338232913,317.2131748070064,0.044027310773154006
AlFa,FAT_ns,3,"[0.23105880096896436, 0.19497754676360055, 0.17763078993409873, 0.2324465415153245, 0.2227323576908035, 0.23799750370076508, 0.22897719014942414, 0.2199568765980832, 0.2039978603149415, 0.19775302785632085, 0.20052850894904115, 0.21856913605172304, 0.19289593594406035, 0.20607947113448172, 0.19428367649042047, 0.1755491791145585, 0.1623656439241371, 0.20122237922222122, 0.15265146009961608, 0.17138595747547808, 0.151957589826436, 0.19567141703678062, 0.17763078993409873, 0.1575085520118766, 0.13252922217739396, 0.15542694119233638, 0.14224340600191498, 0.12905987081149362, 0.10754989234291133, 0.09714183824521024, 0.12559051944559324, 0.12281503835287294, 0.1471004979141755, 0.16861047638275778, 0.13322309245057404, 0.20052850894904115, 0.16444725474367733, 0.12212116807969288, 0.13599857354329434, 0.11795794644061243, 0.09159087605976965, 0.1547330709191563, 0.1373863140896545, 0.14848823846053566, 0.10963150316245156, 0.11726407616743237, 0.1651411250168574, 0.13322309245057404, 0.10963150316245156, 0.12350890862605302, 0.1318353519042139, 0.10824376261609141, 0.1061621517965512, 0.085346043601149, 0.06383606513256673, 0.10754989234291133, 0.0929786166061298, 0.11240698425517184, 0.10685602206973127, 0.05759123267394607, 0.06799928677164717, 0.085346043601149, 0.08603991387432908, 0.0700808975911874, 0.058978973220306215, 0.0749379895034479, 0.10754989234291133, 0.1061621517965512, 0.08118282196206855, 0.10893763288927148, 0.0957540976988501, 0.09367248687930987, 0.09367248687930987, 0.10477441125019105, 0.07077476786436745, 0.0825705625084287, 0.03538738393218373, 0.03261190283946344, 0.029836421746743145, 0.04163221639080439, 0.047183178576244975, 0.045795438029884825, 0.016652886556321755, 0.03538738393218373, 0.031918032566283366, 0.015959016283141683, 0.029142551473563073, 0.029142551473563073, 0.033999643385823584, 0.02428545956130256, 0.028448681200383, 0.0180406271026819, 0.0180406271026819, 0.040244475844444245, 0.04510156775670476, 0.03677512447854388, 0.042326086663984464, 0.020122237922222123, 0.040938346117624314, 0.04787704884942505, 0.05134640021532541, 0.03955060557126417, 0.03122416229310329, 0.010408054097701097, 0.027754810927202927, 0.00902031355134095, 0.009714183824521024, 0.01110192437088117, 0.018734497375861976, 0.019428367649042048, 0.020122237922222123, 0.009714183824521024, 0.020122237922222123, 0.00902031355134095, 0.009714183824521024, 0.01734675682950183, 0.02636707038084278, 0.020122237922222123, 0.012489664917241317, 0.01318353519042139, 0.004857091912260512, 0.006938702731800732, 0.013877405463601463, 0.023591589288122487, 0.02428545956130256, 0.01318353519042139, 0.020816108195402194, 0.004163221639080439, 0.0, 0.0, 0.00902031355134095, 0.014571275736781537, 0.016652886556321755, 0.01318353519042139, 0.009714183824521024, 0.0, 0.0, 0.003469351365900366, 0.0027754810927202926, 0.0027754810927202926, 0.003469351365900366, 0.0006938702731800731, 0.0062448324586206585, 0.006938702731800732, 0.01110192437088117, 0.008326443278160877, 0.0027754810927202926, 0.0, 0.0, 0.0, 0.0, 0.0, 0.0, 0.0]","[52.5, 57.5, 62.5, 67.5, 72.5, 77.5, 82.5, 87.5, 92.5, 97.5, 102.5, 107.5, 112.5, 117.5, 122.5, 127.5, 132.5, 137.5, 142.5, 147.5, 152.5, 157.5, 162.5, 167.5, 172.5, 177.5, 182.5, 187.5, 192.5, 197.5, 202.5, 207.5, 212.5, 217.5, 222.5, 227.5, 232.5, 237.5, 242.5, 247.5, 252.5, 257.5, 262.5, 267.5, 272.5, 277.5, 282.5, 287.5, 292.5, 297.5, 302.5, 307.5, 312.5, 317.5, 322.5, 327.5, 332.5, 337.5, 342.5, 347.5, 352.5, 357.5, 362.5, 367.5, 372.5, 377.5, 382.5, 387.5, 392.5, 397.5, 402.5, 407.5, 412.5, 417.5, 422.5, 427.5, 432.5, 437.5, 442.5, 447.5, 452.5, 457.5, 462.5, 467.5, 472.5, 477.5, 482.5, 487.5, 492.5, 497.5, 502.5, 507.5, 512.5, 517.5, 522.5, 527.5, 532.5, 537.5, 542.5, 547.5, 552.5, 557.5, 562.5, 567.5, 572.5, 577.5, 582.5, 587.5, 592.5, 597.5, 602.5, 607.5, 612.5, 617.5, 622.5, 627.5, 632.5, 637.5, 642.5, 647.5, 652.5, 657.5, 662.5, 667.5, 672.5, 677.5, 682.5, 687.5, 692.5, 697.5, 702.5, 707.5, 712.5, 717.5, 722.5, 727.5, 732.5, 737.5, 742.5, 747.5, 752.5, 757.5, 762.5, 767.5, 772.5, 777.5, 782.5, 787.5, 792.5, 797.5, 802.5, 807.5, 812.5, 817.5]",0.01768017501271823,4.8688143066736655,650.7415074452972,0.039604734141551245
AlFa,FA_ns,1,"[0, 0, 0, 0, 0, 0, 0, 0, 0, 0, 0, 0, 0, 0, 0, 0, 0, 0, 0, 0, 0, 0, 0, 0, 0, 0, 0, 0, 0, 0, 0, 0, 0, 0, 0, 0, 0, 0, 0, 0, 0, 0, 0, 0, 0, 0, 0, 0, 0, 0, 0, 0, 0, 0, 0, 0, 0, 0, 0, 0, 0, 0, 0, 0, 0, 0, 0, 0, 0, 0, 0, 0, 0, 0, 0, 0, 0, 0, 0, 0, 0, 0, 0, 0, 0, 0, 0, 0, 0, 0, 0, 0, 0, 0, 0, 0, 0, 0, 0, 0, 0, 0, 0, 0, 0, 0, 0, 0, 0, 0, 0, 0, 0, 0, 0, 0, 0, 0, 0, 0, 0, 0, 0, 0, 0, 0, 0, 0, 0, 0, 0, 0, 0, 0, 0, 0, 0, 0, 0, 0, 0, 0, 0, 0, 0, 0, 0, 0, 0, 0, 0, 0, 0, 0]","[52.5, 57.5, 62.5, 67.5, 72.5, 77.5, 82.5, 87.5, 92.5, 97.5, 102.5, 107.5, 112.5, 117.5, 122.5, 127.5, 132.5, 137.5, 142.5, 147.5, 152.5, 157.5, 162.5, 167.5, 172.5, 177.5, 182.5, 187.5, 192.5, 197.5, 202.5, 207.5, 212.5, 217.5, 222.5, 227.5, 232.5, 237.5, 242.5, 247.5, 252.5, 257.5, 262.5, 267.5, 272.5, 277.5, 282.5, 287.5, 292.5, 297.5, 302.5, 307.5, 312.5, 317.5, 322.5, 327.5, 332.5, 337.5, 342.5, 347.5, 352.5, 357.5, 362.5, 367.5, 372.5, 377.5, 382.5, 387.5, 392.5, 397.5, 402.5, 407.5, 412.5, 417.5, 422.5, 427.5, 432.5, 437.5, 442.5, 447.5, 452.5, 457.5, 462.5, 467.5, 472.5, 477.5, 482.5, 487.5, 492.5, 497.5, 502.5, 507.5, 512.5, 517.5, 522.5, 527.5, 532.5, 537.5, 542.5, 547.5, 552.5, 557.5, 562.5, 567.5, 572.5, 577.5, 582.5, 587.5, 592.5, 597.5, 602.5, 607.5, 612.5, 617.5, 622.5, 627.5, 632.5, 637.5, 642.5, 647.5, 652.5, 657.5, 662.5, 667.5, 672.5, 677.5, 682.5, 687.5, 692.5, 697.5, 702.5, 707.5, 712.5, 717.5, 722.5, 727.5, 732.5, 737.5, 742.5, 747.5, 752.5, 757.5, 762.5, 767.5, 772.5, 777.5, 782.5, 787.5, 792.5, 797.5, 802.5, 807.5, 812.5, 817.5]",0.0,4.679381463461473,470.28466780903443,0.018958159813266703
AlFa,FA_ns,2,"[0.16731446847721043, 0.1915462190842547, 0.15577553961671317, 0.1788533973377077, 0.19500789774240387, 0.16731446847721043, 0.23770193452624377, 0.2515486491588405, 0.25962589936118863, 0.21808575546339842, 0.23654804164019405, 0.21000850526105033, 0.19846957640055307, 0.17769950445165797, 0.15000607518646453, 0.21923964834944815, 0.20077736217265252, 0.16500668270511099, 0.1661605755911607, 0.2042390408308017, 0.21577796969129898, 0.21462407680524925, 0.18462286176795634, 0.21808575546339842, 0.24116361318439297, 0.24808697050069134, 0.22385521989364707, 0.22039354123549787, 0.15115996807251425, 0.15923721827486234, 0.16385278981906126, 0.22039354123549787, 0.21000850526105033, 0.17308393290745908, 0.19846957640055307, 0.19270011197030443, 0.1961617906284536, 0.15923721827486234, 0.16731446847721043, 0.13731325343991752, 0.23654804164019405, 0.22847079143784596, 0.18693064754005578, 0.1823150759958569, 0.12577432457942025, 0.20770071948895089, 0.1315437890096689, 0.1788533973377077, 0.20654682660290116, 0.19270011197030443, 0.11192760994682353, 0.1488521823004148, 0.14308271787016616, 0.1315437890096689, 0.09346532377002789, 0.11654318149102244, 0.15923721827486234, 0.1707761471353596, 0.18000729022375744, 0.15462164673066345, 0.10500425263052517, 0.09923478820027654, 0.12923600323756942, 0.10385035974447544, 0.10269646685842572, 0.13385157478176835, 0.10961982417472407, 0.09115753799792845, 0.07731082336533172, 0.07384914470718254, 0.10731203840262463, 0.15000607518646453, 0.0807725020234809, 0.14308271787016616, 0.10154257397237598, 0.09923478820027654, 0.10038868108632626, 0.09346532377002789, 0.10154257397237598, 0.09000364511187872, 0.0807725020234809, 0.07038746604903336, 0.09231143088397817, 0.12000486014917162, 0.10731203840262463, 0.09231143088397817, 0.09000364511187872, 0.07500303759323226, 0.11654318149102244, 0.10385035974447544, 0.11654318149102244, 0.10846593128867435, 0.10731203840262463, 0.09346532377002789, 0.08308028779558035, 0.09923478820027654, 0.055386858530386905, 0.054232965644337175, 0.06923357316298363, 0.06000243007458581, 0.05884853718853608, 0.046155715441989084, 0.05884853718853608, 0.04500182255593936, 0.0426940367838399, 0.053079072758287445, 0.04500182255593936, 0.0426940367838399, 0.04961739410013827, 0.05884853718853608, 0.05077128698618799, 0.062310215846685266, 0.05077128698618799, 0.05077128698618799, 0.04384792966988963, 0.06346410873273499, 0.06000243007458581, 0.06346410873273499, 0.054232965644337175, 0.03577067946754154, 0.04154014389779018, 0.06923357316298363, 0.047309608328038814, 0.04038625101174045, 0.07038746604903336, 0.03692457235359127, 0.03461678658149182, 0.04961739410013827, 0.03461678658149182, 0.03692457235359127, 0.06923357316298363, 0.04846350121408854, 0.046155715441989084, 0.08192639490953063, 0.04038625101174045, 0.0011538928860497272, 0.0426940367838399, 0.039232358125690724, 0.07384914470718254, 0.046155715441989084, 0.06692578739088417, 0.07038746604903336, 0.07500303759323226, 0.061156322960635535, 0.04038625101174045, 0.07038746604903336, 0.04154014389779018, 0.03577067946754154, 0.026539536379143722, 0.04038625101174045, 0.018462286176795635, 0.04038625101174045, 0.015000607518646453, 0.04384792966988963]","[52.5, 57.5, 62.5, 67.5, 72.5, 77.5, 82.5, 87.5, 92.5, 97.5, 102.5, 107.5, 112.5, 117.5, 122.5, 127.5, 132.5, 137.5, 142.5, 147.5, 152.5, 157.5, 162.5, 167.5, 172.5, 177.5, 182.5, 187.5, 192.5, 197.5, 202.5, 207.5, 212.5, 217.5, 222.5, 227.5, 232.5, 237.5, 242.5, 247.5, 252.5, 257.5, 262.5, 267.5, 272.5, 277.5, 282.5, 287.5, 292.5, 297.5, 302.5, 307.5, 312.5, 317.5, 322.5, 327.5, 332.5, 337.5, 342.5, 347.5, 352.5, 357.5, 362.5, 367.5, 372.5, 377.5, 382.5, 387.5, 392.5, 397.5, 402.5, 407.5, 412.5, 417.5, 422.5, 427.5, 432.5, 437.5, 442.5, 447.5, 452.5, 457.5, 462.5, 467.5, 472.5, 477.5, 482.5, 487.5, 492.5, 497.5, 502.5, 507.5, 512.5, 517.5, 522.5, 527.5, 532.5, 537.5, 542.5, 547.5, 552.5, 557.5, 562.5, 567.5, 572.5, 577.5, 582.5, 587.5, 592.5, 597.5, 602.5, 607.5, 612.5, 617.5, 622.5, 627.5, 632.5, 637.5, 642.5, 647.5, 652.5, 657.5, 662.5, 667.5, 672.5, 677.5, 682.5, 687.5, 692.5, 697.5, 702.5, 707.5, 712.5, 717.5, 722.5, 727.5, 732.5, 737.5, 742.5, 747.5, 752.5, 757.5, 762.5, 767.5, 772.5, 777.5, 782.5, 787.5, 792.5, 797.5, 802.5, 807.5, 812.5, 817.5]",0.061216265448222534,4.18411018928561,396.59008164533765,0.02342083886026879
AlFa,FA_ns,3,"[0.2399742937573853, 0.2764344765105792, 0.2094803227274413, 0.24461468065324635, 0.2724570020284126, 0.283726513061218, 0.2751086516831903, 0.26118749099560723, 0.24991797996280182, 0.22207565858763556, 0.24063720617107973, 0.2492550675491074, 0.2359968192752187, 0.2492550675491074, 0.2359968192752187, 0.2711311772010237, 0.28173777582013465, 0.3016251482309677, 0.27378282685580146, 0.2565471040997462, 0.22406439582871887, 0.20682867307266356, 0.23467099444782982, 0.2505808923764963, 0.19224459997138602, 0.16042480411405316, 0.15114403032233106, 0.14915529308124778, 0.17567178962902516, 0.1478294682538589, 0.17368305238794185, 0.14716655584016447, 0.13854869446213683, 0.10672889860480396, 0.13655995722105352, 0.10341433653633178, 0.1650651910099142, 0.15644732963188654, 0.15644732963188654, 0.1962220744535526, 0.157110242045581, 0.1345712199799702, 0.1345712199799702, 0.11402093515544275, 0.11766695343076213, 0.1358970448073591, 0.15114403032233106, 0.12993083308410916, 0.1610877165277476, 0.09479647515830414, 0.08352696412549875, 0.10208851170894291, 0.126616271015637, 0.1345712199799702, 0.11203219791435944, 0.09479647515830414, 0.10009977446785961, 0.13523413239366464, 0.10009977446785961, 0.15512150480449768, 0.11004346067327614, 0.0941335627446097, 0.07026871585161006, 0.08087531447072101, 0.0768978399885544, 0.10341433653633178, 0.09678521239938744, 0.09280773791722083, 0.0941335627446097, 0.141863256530609, 0.07358327792008224, 0.06827997861052676, 0.09678521239938744, 0.11070637308697057, 0.11799840963760935, 0.1458407310127756, 0.10739181101849839, 0.14252616894430342, 0.1093805482595817, 0.08949317584874866, 0.05767337999141581, 0.08352696412549875, 0.0921448255035264, 0.10871763584588727, 0.09015608826244309, 0.06827997861052676, 0.022539022065610773, 0.06098794205988798, 0.08617861378027648, 0.07358327792008224, 0.09545938757199857, 0.07888657722963771, 0.10076268688155404, 0.06496541654205458, 0.0881673510213598, 0.0709316282653045, 0.07822366481594327, 0.060325029646193545, 0.037786007580582766, 0.045078044131221545, 0.04308930689013824, 0.07888657722963771, 0.04905551861338815, 0.05502173033663807, 0.06430250412836015, 0.058999204818804676, 0.05502173033663807, 0.0729203655063878, 0.06960580343791563, 0.0709316282653045, 0.04242639447644381, 0.0729203655063878, 0.05303299309555476, 0.04110056964905494, 0.0709316282653045, 0.06960580343791563, 0.05833629240511024, 0.043752219303832676, 0.04772969378599928, 0.031156883443638424, 0.04176348206274937, 0.022539022065610773, 0.0192244599971386, 0.025853584134082945, 0.02916814620255512, 0.027842321375166252, 0.04905551861338815, 0.02651649654777738, 0.024527759306694076, 0.021213197238221904, 0.015909897928666428, 0.017235722756055297, 0.01325824827388869, 0.03513435792580503, 0.03712309516688833, 0.031156883443638424, 0.016572810342360862, 0.027179408961471817, 0.02055028482452747, 0.010606598619110952, 0.00729203655063878, 0.006629124136944345, 0.019887372410833035, 0.027179408961471817, 0.013921160687583126, 0.027179408961471817, 0.02055028482452747, 0.007954948964333214, 0.008617861378027648, 0.024527759306694076, 0.00596621172324991, 0.007954948964333214, 0.011269511032805386, 0.004640386895861041]","[52.5, 57.5, 62.5, 67.5, 72.5, 77.5, 82.5, 87.5, 92.5, 97.5, 102.5, 107.5, 112.5, 117.5, 122.5, 127.5, 132.5, 137.5, 142.5, 147.5, 152.5, 157.5, 162.5, 167.5, 172.5, 177.5, 182.5, 187.5, 192.5, 197.5, 202.5, 207.5, 212.5, 217.5, 222.5, 227.5, 232.5, 237.5, 242.5, 247.5, 252.5, 257.5, 262.5, 267.5, 272.5, 277.5, 282.5, 287.5, 292.5, 297.5, 302.5, 307.5, 312.5, 317.5, 322.5, 327.5, 332.5, 337.5, 342.5, 347.5, 352.5, 357.5, 362.5, 367.5, 372.5, 377.5, 382.5, 387.5, 392.5, 397.5, 402.5, 407.5, 412.5, 417.5, 422.5, 427.5, 432.5, 437.5, 442.5, 447.5, 452.5, 457.5, 462.5, 467.5, 472.5, 477.5, 482.5, 487.5, 492.5, 497.5, 502.5, 507.5, 512.5, 517.5, 522.5, 527.5, 532.5, 537.5, 542.5, 547.5, 552.5, 557.5, 562.5, 567.5, 572.5, 577.5, 582.5, 587.5, 592.5, 597.5, 602.5, 607.5, 612.5, 617.5, 622.5, 627.5, 632.5, 637.5, 642.5, 647.5, 652.5, 657.5, 662.5, 667.5, 672.5, 677.5, 682.5, 687.5, 692.5, 697.5, 702.5, 707.5, 712.5, 717.5, 722.5, 727.5, 732.5, 737.5, 742.5, 747.5, 752.5, 757.5, 762.5, 767.5, 772.5, 777.5, 782.5, 787.5, 792.5, 797.5, 802.5, 807.5, 812.5, 817.5]",0.04754029023922945,4.2838702238117135,287.00111403285376,0.04153787621721113
Ct,FAT_ns,1,"[0.07300567746174855, 0.07395134685892146, 0.07054693702909899, 0.0828406391923468, 0.0796253632419589, 0.09948442058259, 0.08889292333425342, 0.06884473211418775, 0.06354898349001946, 0.08227323755404305, 0.07584268565326727, 0.08473197798669262, 0.07319481134118314, 0.0735730791000523, 0.0694121337524915, 0.07924709548308974, 0.06960126763192608, 0.06449465288719237, 0.08113843427743556, 0.07697748892987476, 0.06808819659644942, 0.0673316610787111, 0.06676425944040736, 0.08094930039800098, 0.07886882772422057, 0.07016866927022983, 0.08813638781651509, 0.07603181953270186, 0.09248646704351046, 0.07697748892987476, 0.09891701894428624, 0.09097339600803381, 0.08265150531291221, 0.08397544246895429, 0.07849055996535141, 0.08189496979517388, 0.08908205721368799, 0.08435371022782345, 0.10005182222089373, 0.07489701625609436, 0.078679693844786, 0.09759308178824418, 0.08870378945481883, 0.08019276488026265, 0.10383449980958537, 0.08435371022782345, 0.10061922385919748, 0.11234552438414154, 0.10213229489467414, 0.10383449980958537, 0.10478016920675828, 0.10553670472449661, 0.10629324024223494, 0.09437780583785628, 0.09740394790880959, 0.08737985229877676, 0.10364536593015079, 0.09437780583785628, 0.09135166376690297, 0.0961745776924848, 0.09154079764633756, 0.08851465557538425, 0.08889292333425342, 0.07735575668874392, 0.08265150531291221, 0.07262740970287938, 0.07622095341213643, 0.07168174030570648, 0.05825323486585117, 0.06241418021341197, 0.07414048073835604, 0.07527528401496353, 0.07111433866740273, 0.07338394522061771, 0.06468378676662695, 0.07792315832704767, 0.08000363100082807, 0.0735730791000523, 0.06544032228436528, 0.08851465557538425, 0.08094930039800098, 0.06052284141906615, 0.06241418021341197, 0.06600772392266903, 0.06392725124888862, 0.06165764469567364, 0.056740163830374515, 0.0435007922699538, 0.05522709279489787, 0.06260331409284656, 0.057874967106982006, 0.06411638512832321, 0.048418273135252925, 0.04179858735504256, 0.051822682965075396, 0.050687879688467906, 0.052579218482813724, 0.05617276219207077, 0.05125528132677165, 0.0569292977098091, 0.0590097703835895, 0.062035912454542805, 0.06553488922408257, 0.06023914059991428, 0.05465969115659412, 0.06071197529850073, 0.06184677857510822, 0.06014457366019699, 0.0693175668127742, 0.07536985095468082, 0.08019276488026265, 0.06884473211418775, 0.06506205452549611, 0.07300567746174855, 0.07177630724542376, 0.07092520478796815, 0.07641008729157102, 0.07016866927022983, 0.07376221297948687, 0.06222504633397739, 0.06865559823475317, 0.06014457366019699, 0.06052284141906615, 0.049742210291295, 0.06373811736945405, 0.06506205452549611, 0.07111433866740273, 0.06449465288719237, 0.06014457366019699, 0.06638599168153819, 0.05428142339772496, 0.0703578031496644, 0.05749669934811284, 0.04917480865299125, 0.051822682965075396, 0.05352488787998663, 0.05352488787998663, 0.05087701356790249, 0.06222504633397739, 0.05447055727715954, 0.053714021759421214, 0.07073607090853357, 0.05749669934811284, 0.06638599168153819, 0.057874967106982006, 0.0569292977098091, 0.04331165839051922, 0.05409228951829038, 0.04066378407843507, 0.02855921579462184, 0.04444646166712671, 0.04785087149694918, 0.04463559554656129, 0.04160945347560798]","[52.5, 57.5, 62.5, 67.5, 72.5, 77.5, 82.5, 87.5, 92.5, 97.5, 102.5, 107.5, 112.5, 117.5, 122.5, 127.5, 132.5, 137.5, 142.5, 147.5, 152.5, 157.5, 162.5, 167.5, 172.5, 177.5, 182.5, 187.5, 192.5, 197.5, 202.5, 207.5, 212.5, 217.5, 222.5, 227.5, 232.5, 237.5, 242.5, 247.5, 252.5, 257.5, 262.5, 267.5, 272.5, 277.5, 282.5, 287.5, 292.5, 297.5, 302.5, 307.5, 312.5, 317.5, 322.5, 327.5, 332.5, 337.5, 342.5, 347.5, 352.5, 357.5, 362.5, 367.5, 372.5, 377.5, 382.5, 387.5, 392.5, 397.5, 402.5, 407.5, 412.5, 417.5, 422.5, 427.5, 432.5, 437.5, 442.5, 447.5, 452.5, 457.5, 462.5, 467.5, 472.5, 477.5, 482.5, 487.5, 492.5, 497.5, 502.5, 507.5, 512.5, 517.5, 522.5, 527.5, 532.5, 537.5, 542.5, 547.5, 552.5, 557.5, 562.5, 567.5, 572.5, 577.5, 582.5, 587.5, 592.5, 597.5, 602.5, 607.5, 612.5, 617.5, 622.5, 627.5, 632.5, 637.5, 642.5, 647.5, 652.5, 657.5, 662.5, 667.5, 672.5, 677.5, 682.5, 687.5, 692.5, 697.5, 702.5, 707.5, 712.5, 717.5, 722.5, 727.5, 732.5, 737.5, 742.5, 747.5, 752.5, 757.5, 762.5, 767.5, 772.5, 777.5, 782.5, 787.5, 792.5, 797.5, 802.5, 807.5, 812.5, 817.5]",0.05987069797763911,8.459486889892592,44.59054842785383,0.16764831895473226
Ct,FAT_ns,2,"[0.07593233362070873, 0.07226088012696016, 0.06850598450835368, 0.07735084974329338, 0.0805216504878944, 0.07576544937099287, 0.07342906987497107, 0.07776806036758299, 0.08477719885564841, 0.09245387434257721, 0.08577850435394348, 0.08811488384996528, 0.08210705086019492, 0.0897002842222658, 0.07685019699414586, 0.09403927471487772, 0.07643298636985625, 0.09479025383859901, 0.08911618934826034, 0.0801044398636048, 0.07426349112355028, 0.07960378711445727, 0.07459725962298197, 0.08611227285337517, 0.09729351758433667, 0.08803144172510736, 0.10121529745265899, 0.10029743407922184, 0.0851109673550801, 0.0851109673550801, 0.07426349112355028, 0.0801044398636048, 0.06959073213150667, 0.08143951386133155, 0.08694669410195438, 0.08753078897595983, 0.07301185925068146, 0.07801838674215676, 0.0755151229964191, 0.0831917984833479, 0.08194016661047908, 0.06925696363207498, 0.06458420464003137, 0.07050859550494382, 0.06833910025863785, 0.06800533175920616, 0.09829482308263172, 0.0750979123721295, 0.0774342918681513, 0.07326218562525523, 0.08377589335735336, 0.0670040262609111, 0.08469375673079049, 0.07943690286474143, 0.07084236400437549, 0.06400010976602592, 0.06717091051062694, 0.0646676467648893, 0.06600272076261604, 0.07276153287610769, 0.06458420464003137, 0.0805216504878944, 0.07918657649016766, 0.07601577574556664, 0.06758812113491655, 0.07751773399300924, 0.0731787435003973, 0.06600272076261604, 0.09562467508717823, 0.08944995784769202, 0.09679286483518913, 0.0939558325900198, 0.0839427776070692, 0.07609921787042456, 0.07559856512127704, 0.09579155933689408, 0.07793494461729884, 0.08611227285337517, 0.09378894834030395, 0.08811488384996528, 0.09378894834030395, 0.07726740761843547, 0.0839427776070692, 0.07760117611786715, 0.06942384788179083, 0.06792188963434824, 0.07034171125522796, 0.07676675486928794, 0.07259464862639185, 0.07142645887838095, 0.07609921787042456, 0.07726740761843547, 0.0739297226241186, 0.06858942663321162, 0.07075892187951757, 0.06224782514400957, 0.06775500538463239, 0.07176022737781264, 0.061079635395998665, 0.07209399587724433, 0.07226088012696016, 0.052234770161058965, 0.06057898264685113, 0.07359595412468692, 0.06909007938235914, 0.06775500538463239, 0.07418004899869236, 0.07484758599755574, 0.05799227677625556, 0.05682408702824466, 0.07050859550494382, 0.06625304713718981, 0.06324913064230463, 0.0600783298977036, 0.05674064490338673, 0.06800533175920616, 0.048813643041884174, 0.052234770161058965, 0.04789577966844704, 0.0527354229102065, 0.04739512691929951, 0.049731506415321314, 0.04664414779557821, 0.052151328036201046, 0.057575066151965955, 0.05941079289884023, 0.05874325589997686, 0.057575066151965955, 0.05690752915310258, 0.04789577966844704, 0.0600783298977036, 0.0539036126582174, 0.055405570905659986, 0.05623999215423921, 0.04822954816787872, 0.04923085366617379, 0.04639382142100445, 0.036714534937485534, 0.04147073605438707, 0.04497530529841978, 0.03896747230864942, 0.0419713888035346, 0.05073281191361637, 0.04989839066503716, 0.04989839066503716, 0.05056592766390053, 0.0438905576752668, 0.04956462216560547, 0.04539251592270939, 0.05957767714855607, 0.03704830343691722, 0.045309073797851464, 0.04547595804756731, 0.04464153679898809]","[52.5, 57.5, 62.5, 67.5, 72.5, 77.5, 82.5, 87.5, 92.5, 97.5, 102.5, 107.5, 112.5, 117.5, 122.5, 127.5, 132.5, 137.5, 142.5, 147.5, 152.5, 157.5, 162.5, 167.5, 172.5, 177.5, 182.5, 187.5, 192.5, 197.5, 202.5, 207.5, 212.5, 217.5, 222.5, 227.5, 232.5, 237.5, 242.5, 247.5, 252.5, 257.5, 262.5, 267.5, 272.5, 277.5, 282.5, 287.5, 292.5, 297.5, 302.5, 307.5, 312.5, 317.5, 322.5, 327.5, 332.5, 337.5, 342.5, 347.5, 352.5, 357.5, 362.5, 367.5, 372.5, 377.5, 382.5, 387.5, 392.5, 397.5, 402.5, 407.5, 412.5, 417.5, 422.5, 427.5, 432.5, 437.5, 442.5, 447.5, 452.5, 457.5, 462.5, 467.5, 472.5, 477.5, 482.5, 487.5, 492.5, 497.5, 502.5, 507.5, 512.5, 517.5, 522.5, 527.5, 532.5, 537.5, 542.5, 547.5, 552.5, 557.5, 562.5, 567.5, 572.5, 577.5, 582.5, 587.5, 592.5, 597.5, 602.5, 607.5, 612.5, 617.5, 622.5, 627.5, 632.5, 637.5, 642.5, 647.5, 652.5, 657.5, 662.5, 667.5, 672.5, 677.5, 682.5, 687.5, 692.5, 697.5, 702.5, 707.5, 712.5, 717.5, 722.5, 727.5, 732.5, 737.5, 742.5, 747.5, 752.5, 757.5, 762.5, 767.5, 772.5, 777.5, 782.5, 787.5, 792.5, 797.5, 802.5, 807.5, 812.5, 817.5]",0.06046953258697255,8.943312693546174,38.63664925932895,0.19692685250880027
Ct,FAT_ns,3,"[0.07376209040910238, 0.0883879386503734, 0.08578622526130114, 0.09886510878474541, 0.10104492270531946, 0.09190376755452508, 0.0900755365243662, 0.08810667233804126, 0.079246783499579, 0.11236589177668789, 0.08852857180653946, 0.09795099326966598, 0.09246630017918935, 0.08248134609139855, 0.09682592802033745, 0.08374704449689317, 0.08459084343388958, 0.08866920496270553, 0.09077870230519654, 0.08810667233804126, 0.08641907446404845, 0.09485706383401249, 0.0779810850940844, 0.08255166266948159, 0.10055270665873822, 0.08114533110782092, 0.09211471728877418, 0.09253661675727239, 0.08311419529414586, 0.06947277914603732, 0.0656756839295535, 0.06876961336520698, 0.0781920348283335, 0.08789572260379215, 0.08705192366679575, 0.07439493961184968, 0.06089415661990721, 0.07348082409677024, 0.07552000486117821, 0.08227039635714946, 0.07805140167216744, 0.06778518127204451, 0.07945773323382811, 0.085504958948969, 0.08044216532699058, 0.08958332047778497, 0.08747382313529395, 0.08459084343388958, 0.08388767765305924, 0.08142659742015305, 0.07896551718724687, 0.08571590868321811, 0.09309914938193666, 0.0898645867901171, 0.0942242146312652, 0.1067405655300452, 0.07959836638999418, 0.07762950220366924, 0.08353609476264406, 0.08416894396539137, 0.08051248190507361, 0.09316946596001968, 0.09302883280385361, 0.08480179316813867, 0.07474652250226485, 0.0756606380173443, 0.08002026585849238, 0.07552000486117821, 0.09450548094359733, 0.07945773323382811, 0.08269229582564766, 0.0838173610749762, 0.07594190432967643, 0.07552000486117821, 0.07439493961184968, 0.08691129051062968, 0.08002026585849238, 0.07720760273517104, 0.06426935236789283, 0.08367672791881013, 0.08374704449689317, 0.08515337605855385, 0.08128596426398699, 0.08902078785312069, 0.07277765831593991, 0.08803635575995822, 0.07973899954616025, 0.07959836638999418, 0.08114533110782092, 0.07699665300092193, 0.0675742315377954, 0.06321460369664732, 0.07277765831593991, 0.07945773323382811, 0.06215985502540181, 0.0592065587459144, 0.06848834705287485, 0.06722264864738024, 0.07805140167216744, 0.06912119625562216, 0.08430957712155744, 0.07741855246942013, 0.07587158775159339, 0.07727791931325406, 0.09204440071069114, 0.08663002419829754, 0.07931710007766204, 0.08803635575995822, 0.07861393429683171, 0.0671523320692972, 0.07699665300092193, 0.07931710007766204, 0.0765044369543407, 0.0781920348283335, 0.08459084343388958, 0.09218503386685721, 0.0883879386503734, 0.06891024652137305, 0.08283292898181373, 0.08241102951331553, 0.085504958948969, 0.08128596426398699, 0.0846611600119726, 0.0660975833980517, 0.07509810539268001, 0.07116037702003013, 0.061034789776073274, 0.08269229582564766, 0.08128596426398699, 0.0717229096446944, 0.08002026585849238, 0.07186354280086046, 0.08142659742015305, 0.07580127117351036, 0.07987963270232631, 0.08803635575995822, 0.07073847755153193, 0.07144164333236226, 0.0698243620364525, 0.056393895622593046, 0.06848834705287485, 0.05780022718425372, 0.06743359838162934, 0.07826235140641653, 0.06363650316514552, 0.06426935236789283, 0.0652537844610553, 0.06314428711856429, 0.055409463529430575, 0.047955906252629, 0.0592065587459144, 0.058925292433582264, 0.053299966186939565, 0.05259680040610923]","[52.5, 57.5, 62.5, 67.5, 72.5, 77.5, 82.5, 87.5, 92.5, 97.5, 102.5, 107.5, 112.5, 117.5, 122.5, 127.5, 132.5, 137.5, 142.5, 147.5, 152.5, 157.5, 162.5, 167.5, 172.5, 177.5, 182.5, 187.5, 192.5, 197.5, 202.5, 207.5, 212.5, 217.5, 222.5, 227.5, 232.5, 237.5, 242.5, 247.5, 252.5, 257.5, 262.5, 267.5, 272.5, 277.5, 282.5, 287.5, 292.5, 297.5, 302.5, 307.5, 312.5, 317.5, 322.5, 327.5, 332.5, 337.5, 342.5, 347.5, 352.5, 357.5, 362.5, 367.5, 372.5, 377.5, 382.5, 387.5, 392.5, 397.5, 402.5, 407.5, 412.5, 417.5, 422.5, 427.5, 432.5, 437.5, 442.5, 447.5, 452.5, 457.5, 462.5, 467.5, 472.5, 477.5, 482.5, 487.5, 492.5, 497.5, 502.5, 507.5, 512.5, 517.5, 522.5, 527.5, 532.5, 537.5, 542.5, 547.5, 552.5, 557.5, 562.5, 567.5, 572.5, 577.5, 582.5, 587.5, 592.5, 597.5, 602.5, 607.5, 612.5, 617.5, 622.5, 627.5, 632.5, 637.5, 642.5, 647.5, 652.5, 657.5, 662.5, 667.5, 672.5, 677.5, 682.5, 687.5, 692.5, 697.5, 702.5, 707.5, 712.5, 717.5, 722.5, 727.5, 732.5, 737.5, 742.5, 747.5, 752.5, 757.5, 762.5, 767.5, 772.5, 777.5, 782.5, 787.5, 792.5, 797.5, 802.5, 807.5, 812.5, 817.5]",0.07413741655964948,8.439343482441975,25.869268984876307,0.25033401541715083
Ct,FA_ns,1,"[0.07110847073927282, 0.06978649329891452, 0.07437862546015914, 0.08571980034323298, 0.0779270912211209, 0.07124762625931054, 0.08474571170296898, 0.08071020162187521, 0.08655473346345928, 0.08084935714191294, 0.07208255937953682, 0.08418908962281811, 0.07096931521923511, 0.0757701806605363, 0.07020395985902766, 0.07215213713955569, 0.07521355858038543, 0.07305664801980084, 0.06484647233757561, 0.07542229186044201, 0.0731262257798197, 0.08244964562234666, 0.07187382609948026, 0.0704822708991031, 0.07994484626166777, 0.06477689457755674, 0.06707296065817905, 0.06380280593729273, 0.06408111697736817, 0.06234167297689672, 0.05719291873550123, 0.0661684497779339, 0.07006480433898996, 0.08377162306270497, 0.07917949090146034, 0.07583975842055515, 0.07215213713955569, 0.08439782290287469, 0.08244964562234666, 0.06547267217774533, 0.08077977938189407, 0.06575098321782076, 0.07994484626166777, 0.07159551505940483, 0.08182344578217694, 0.07917949090146034, 0.07528313634040429, 0.08182344578217694, 0.08558064482319527, 0.08001442402168664, 0.0914947544247982, 0.08523275602310099, 0.07006480433898996, 0.08119724594200722, 0.06359407265723616, 0.08627642242338385, 0.07166509281942368, 0.07041269313908424, 0.0840499341027804, 0.07917949090146034, 0.07653553602074374, 0.08154513474210151, 0.07904033538142262, 0.06818620481848078, 0.06470731681753789, 0.08460655618293125, 0.07166509281942368, 0.07820540226119632, 0.07723131362093232, 0.060810962256481846, 0.06415069473738702, 0.06178505089674585, 0.06776873825836764, 0.08112766818198837, 0.07277833697972541, 0.07361327009995171, 0.07250002593964998, 0.07750962466100775, 0.08043189058179978, 0.08377162306270497, 0.0770921581008946, 0.07820540226119632, 0.07639638050070602, 0.06839493809853736, 0.06909071569872594, 0.0706214264191408, 0.08015357954172435, 0.07528313634040429, 0.07583975842055515, 0.07778793570108318, 0.08050146834181864, 0.08592853362328956, 0.07340453681989513, 0.06505520561763217, 0.06248082849693443, 0.06714253841819792, 0.07604849170061173, 0.06909071569872594, 0.07451778098019686, 0.06540309441772647, 0.07076058193917853, 0.07855329106129062, 0.07124762625931054, 0.06909071569872594, 0.07646595826072489, 0.0679774715384242, 0.07966653522159234, 0.06943860449882022, 0.07570060290051744, 0.07055184865912195, 0.06637718305799048, 0.07347411457991398, 0.08293668994247867, 0.06846451585855622, 0.06749042721829221, 0.07222171489957455, 0.07201298161951797, 0.07270875921970656, 0.07966653522159234, 0.06310702833710416, 0.0713172040193294, 0.0670033828981602, 0.07451778098019686, 0.07500482530032886, 0.06157631761668928, 0.061437162096651565, 0.06853409361857507, 0.07069100417915967, 0.0679774715384242, 0.06888198241866936, 0.07326538129985742, 0.06422027249740588, 0.06234167297689672, 0.07041269313908424, 0.0587236294559161, 0.0718042483394614, 0.07583975842055515, 0.07458735874021571, 0.08919868834417588, 0.07806624674115861, 0.07904033538142262, 0.08140597922206379, 0.07904033538142262, 0.056984185455444654, 0.06101969553653842, 0.06547267217774533, 0.07514398082036658, 0.0595585625761424, 0.06679464961810362, 0.05510558593493549, 0.06275913953700986, 0.06623802753795276, 0.06449858353748131, 0.061715473136727]","[52.5, 57.5, 62.5, 67.5, 72.5, 77.5, 82.5, 87.5, 92.5, 97.5, 102.5, 107.5, 112.5, 117.5, 122.5, 127.5, 132.5, 137.5, 142.5, 147.5, 152.5, 157.5, 162.5, 167.5, 172.5, 177.5, 182.5, 187.5, 192.5, 197.5, 202.5, 207.5, 212.5, 217.5, 222.5, 227.5, 232.5, 237.5, 242.5, 247.5, 252.5, 257.5, 262.5, 267.5, 272.5, 277.5, 282.5, 287.5, 292.5, 297.5, 302.5, 307.5, 312.5, 317.5, 322.5, 327.5, 332.5, 337.5, 342.5, 347.5, 352.5, 357.5, 362.5, 367.5, 372.5, 377.5, 382.5, 387.5, 392.5, 397.5, 402.5, 407.5, 412.5, 417.5, 422.5, 427.5, 432.5, 437.5, 442.5, 447.5, 452.5, 457.5, 462.5, 467.5, 472.5, 477.5, 482.5, 487.5, 492.5, 497.5, 502.5, 507.5, 512.5, 517.5, 522.5, 527.5, 532.5, 537.5, 542.5, 547.5, 552.5, 557.5, 562.5, 567.5, 572.5, 577.5, 582.5, 587.5, 592.5, 597.5, 602.5, 607.5, 612.5, 617.5, 622.5, 627.5, 632.5, 637.5, 642.5, 647.5, 652.5, 657.5, 662.5, 667.5, 672.5, 677.5, 682.5, 687.5, 692.5, 697.5, 702.5, 707.5, 712.5, 717.5, 722.5, 727.5, 732.5, 737.5, 742.5, 747.5, 752.5, 757.5, 762.5, 767.5, 772.5, 777.5, 782.5, 787.5, 792.5, 797.5, 802.5, 807.5, 812.5, 817.5]",0.07140575753208066,9.239943947520235,27.222239032699697,0.25435728167319616
Ct,FA_ns,2,"[0.07639847535475314, 0.08377865007596363, 0.08671705297422337, 0.07544178603904067, 0.06628490258864986, 0.08022523261760303, 0.07366507730986036, 0.07735516467046562, 0.07489510643006211, 0.06929164043803192, 0.08227528115127261, 0.07913187339964592, 0.08623870831636714, 0.08979212577472775, 0.07831185398617808, 0.07981522291086911, 0.0759201306968969, 0.09027047043258399, 0.07537345108791835, 0.09033880538370631, 0.08268529085800652, 0.09375555293982228, 0.11083929072040213, 0.08104525203107087, 0.07147835887394614, 0.09047547528595094, 0.07817518408393344, 0.08760540733881353, 0.09184217430839733, 0.07892686854627896, 0.07387008216322732, 0.08904044131238224, 0.09990569854083103, 0.08781041219218048, 0.08726373258320193, 0.09683062574032665, 0.09341387818421068, 0.0854186889028993, 0.0839836549293306, 0.08992879567697239, 0.068881630731298, 0.08822042189891441, 0.09245718886849821, 0.08459866948943147, 0.07776517437719953, 0.0776285044749549, 0.07967855300862448, 0.08637537821861178, 0.08090858212882622, 0.09505391701114635, 0.07920020835076824, 0.0861020384141225, 0.08999713062809471, 0.08617037336524482, 0.07510011128342907, 0.08316363551586277, 0.08261695590688421, 0.08405198988045291, 0.08172860154229405, 0.0892454461657492, 0.07715015981709865, 0.0839836549293306, 0.08015689766648071, 0.0769451549637317, 0.06628490258864986, 0.07366507730986036, 0.08268529085800652, 0.07913187339964592, 0.07011165985149975, 0.07612513555026386, 0.08617037336524482, 0.07851685883954504, 0.06689991714875074, 0.07735516467046562, 0.0677882715133409, 0.08377865007596363, 0.08036190251984766, 0.06792494141558553, 0.07270838799414789, 0.06286815503253389, 0.0762618054525085, 0.06669491229538378, 0.06833495112231945, 0.08213861124902798, 0.07605680059914154, 0.07810684913281113, 0.07892686854627896, 0.07790184427944417, 0.07995189281311375, 0.08063524232433694, 0.07899520349740127, 0.06826661617119713, 0.07045333460711135, 0.08097691707994854, 0.07503177633230675, 0.07154669382506845, 0.06717325695324002, 0.07216170838516933, 0.06710492200211769, 0.06245814532579997, 0.061091446303353586, 0.08514534909841003, 0.073801747212105, 0.08439366463606451, 0.06703658705099537, 0.0643031890061026, 0.0692233054869096, 0.05753802884499297, 0.048381145394602164, 0.06191146571682142, 0.05945140747641792, 0.06300482493477853, 0.05576132011581267, 0.059588077378662556, 0.06560155307742667, 0.07448509672332819, 0.07448509672332819, 0.06232147542355533, 0.05890472786743936, 0.06450819385946956, 0.06355150454375709, 0.06970165014476583, 0.06450819385946956, 0.08159193164004942, 0.06765160161109625, 0.07065833946047831, 0.08733206753432425, 0.0755784559412853, 0.0780385141816888, 0.07072667441160063, 0.06730992685548465, 0.06676324724650609, 0.06416651910385796, 0.05699134923601442, 0.06601156278416058, 0.07182003362955773, 0.060886441449986624, 0.05801637350284921, 0.06266315017916693, 0.05699134923601442, 0.04373436871828444, 0.0565813395292805, 0.054531290995610916, 0.05398461138663236, 0.07421175691883891, 0.0657382229796713, 0.07298172779863717, 0.0755784559412853, 0.06901830063354264, 0.07462176662557284, 0.06163812591233214, 0.061364786107842864, 0.05425795119112164, 0.042641009500327336]","[52.5, 57.5, 62.5, 67.5, 72.5, 77.5, 82.5, 87.5, 92.5, 97.5, 102.5, 107.5, 112.5, 117.5, 122.5, 127.5, 132.5, 137.5, 142.5, 147.5, 152.5, 157.5, 162.5, 167.5, 172.5, 177.5, 182.5, 187.5, 192.5, 197.5, 202.5, 207.5, 212.5, 217.5, 222.5, 227.5, 232.5, 237.5, 242.5, 247.5, 252.5, 257.5, 262.5, 267.5, 272.5, 277.5, 282.5, 287.5, 292.5, 297.5, 302.5, 307.5, 312.5, 317.5, 322.5, 327.5, 332.5, 337.5, 342.5, 347.5, 352.5, 357.5, 362.5, 367.5, 372.5, 377.5, 382.5, 387.5, 392.5, 397.5, 402.5, 407.5, 412.5, 417.5, 422.5, 427.5, 432.5, 437.5, 442.5, 447.5, 452.5, 457.5, 462.5, 467.5, 472.5, 477.5, 482.5, 487.5, 492.5, 497.5, 502.5, 507.5, 512.5, 517.5, 522.5, 527.5, 532.5, 537.5, 542.5, 547.5, 552.5, 557.5, 562.5, 567.5, 572.5, 577.5, 582.5, 587.5, 592.5, 597.5, 602.5, 607.5, 612.5, 617.5, 622.5, 627.5, 632.5, 637.5, 642.5, 647.5, 652.5, 657.5, 662.5, 667.5, 672.5, 677.5, 682.5, 687.5, 692.5, 697.5, 702.5, 707.5, 712.5, 717.5, 722.5, 727.5, 732.5, 737.5, 742.5, 747.5, 752.5, 757.5, 762.5, 767.5, 772.5, 777.5, 782.5, 787.5, 792.5, 797.5, 802.5, 807.5, 812.5, 817.5]",0.06773324856568395,9.116114673054552,26.29785015416897,0.2615885434523238
Ct,FA_ns,3,"[0.10433882927033779, 0.102272713839242, 0.10323198171796504, 0.08980223141584236, 0.09098286880503995, 0.1016823951446432, 0.09954248987672254, 0.09172076717328845, 0.0957792081986552, 0.08161155952828401, 0.08220187822288282, 0.07895512540258942, 0.08574379039047561, 0.1024202935128917, 0.09002360092631691, 0.0873671668006223, 0.0925324553783618, 0.0962219472196043, 0.09349172325708485, 0.09127802815233935, 0.09850943216117465, 0.10869242964300393, 0.09909975085577344, 0.08345630544890525, 0.09991143906084679, 0.08552242088000106, 0.09806669314022555, 0.09090907896821511, 0.0926800350520115, 0.0923848757047121, 0.08530105136952651, 0.0971074252615025, 0.0922372960310624, 0.1010920764500444, 0.10743800241698148, 0.1015348154709935, 0.10020659840814619, 0.0879574854952211, 0.08788369565839625, 0.10057554759227044, 0.08648168875872411, 0.10271545286019108, 0.08758853631109685, 0.08020955262861186, 0.08876917370029445, 0.09718121509832735, 0.08707200745332291, 0.096369526893254, 0.08832643467934535, 0.07902891523941427, 0.08257082740700707, 0.09334414358343515, 0.11341497919979433, 0.09932112036624799, 0.0971074252615025, 0.10360093090208929, 0.0960743675459546, 0.0957792081986552, 0.09902596101894859, 0.0920897163574127, 0.07895512540258942, 0.07526563356134693, 0.08279219691748162, 0.08714579729014775, 0.10507672763858629, 0.0954840488513558, 0.0888429635371193, 0.10537188698588569, 0.09873080167164919, 0.11009443654267609, 0.0979929033034007, 0.08862159402664475, 0.09924733052942314, 0.09142560782598905, 0.10116586628686924, 0.08515347169587681, 0.08087366116003551, 0.07083824335185593, 0.087514746474272, 0.0969598455878528, 0.087514746474272, 0.0884002245161702, 0.0916469773364636, 0.0982880626507001, 0.08279219691748162, 0.07275677910930202, 0.08308735626478102, 0.06360683934302064, 0.07305193845660142, 0.07703658964514332, 0.07231404008835292, 0.07128098237280503, 0.07784827785021667, 0.08242324773335737, 0.07784827785021667, 0.07541321323499663, 0.06567295477411643, 0.057260913376083536, 0.06869833808393527, 0.059843557664953285, 0.06375441901667034, 0.07777448801339182, 0.06072903570685149, 0.05460447925038894, 0.05858913043893084, 0.06427094787444428, 0.05172667561421979, 0.0505460382250222, 0.05556374712911199, 0.05696575402878414, 0.05460447925038894, 0.049439190672649444, 0.05608027598688594, 0.05674438451830959, 0.059548398317653885, 0.05467826908721379, 0.06043387635955209, 0.05903186945987993, 0.053128682513891946, 0.05135772643009554, 0.05371900120849074, 0.057260913376083536, 0.05770365239703264, 0.04619243785235605, 0.05844155076528114, 0.03763281678067346, 0.04781581426250275, 0.04574969883140695, 0.04781581426250275, 0.05386658088214044, 0.05128393659327069, 0.043757373237136, 0.0532024723507168, 0.045454539484107555, 0.05076740773549675, 0.05327626218754164, 0.04353600372666146, 0.04870129230440095, 0.04397874274761055, 0.04619243785235605, 0.042502946011113554, 0.04471664111585905, 0.039920301722243805, 0.03925619319082016, 0.03925619319082016, 0.027449819298844172, 0.031139311140086667, 0.03733765743337406, 0.04471664111585905, 0.042945685032062655, 0.04929161099899975, 0.04456906144220935, 0.028630456688041768, 0.04427390209490995]","[52.5, 57.5, 62.5, 67.5, 72.5, 77.5, 82.5, 87.5, 92.5, 97.5, 102.5, 107.5, 112.5, 117.5, 122.5, 127.5, 132.5, 137.5, 142.5, 147.5, 152.5, 157.5, 162.5, 167.5, 172.5, 177.5, 182.5, 187.5, 192.5, 197.5, 202.5, 207.5, 212.5, 217.5, 222.5, 227.5, 232.5, 237.5, 242.5, 247.5, 252.5, 257.5, 262.5, 267.5, 272.5, 277.5, 282.5, 287.5, 292.5, 297.5, 302.5, 307.5, 312.5, 317.5, 322.5, 327.5, 332.5, 337.5, 342.5, 347.5, 352.5, 357.5, 362.5, 367.5, 372.5, 377.5, 382.5, 387.5, 392.5, 397.5, 402.5, 407.5, 412.5, 417.5, 422.5, 427.5, 432.5, 437.5, 442.5, 447.5, 452.5, 457.5, 462.5, 467.5, 472.5, 477.5, 482.5, 487.5, 492.5, 497.5, 502.5, 507.5, 512.5, 517.5, 522.5, 527.5, 532.5, 537.5, 542.5, 547.5, 552.5, 557.5, 562.5, 567.5, 572.5, 577.5, 582.5, 587.5, 592.5, 597.5, 602.5, 607.5, 612.5, 617.5, 622.5, 627.5, 632.5, 637.5, 642.5, 647.5, 652.5, 657.5, 662.5, 667.5, 672.5, 677.5, 682.5, 687.5, 692.5, 697.5, 702.5, 707.5, 712.5, 717.5, 722.5, 727.5, 732.5, 737.5, 742.5, 747.5, 752.5, 757.5, 762.5, 767.5, 772.5, 777.5, 782.5, 787.5, 792.5, 797.5, 802.5, 807.5, 812.5, 817.5]",0.05810422579693897,8.58775547556011,32.38353186652851,0.2332294783601197
G3,FAT_ns,1,"[0.10166646550106569, 0.08835299978068804, 0.10953351342674339, 0.09016847237892135, 0.06535701353639937, 0.09743036277185461, 0.12768823940907656, 0.08411689705147697, 0.09016847237892135, 0.09743036277185461, 0.0720137463965882, 0.04478165742308846, 0.048412602619555094, 0.08169626692049922, 0.10469225316478789, 0.06233122587267718, 0.07927563678952146, 0.06051575327444386, 0.0532538628815106, 0.06959311626561045, 0.058700280676210546, 0.07685500665854371, 0.06656732860188826, 0.09440457510813242, 0.055069335479743915, 0.09258910250989912, 0.048412602619555094, 0.08835299978068804, 0.07503953406031039, 0.06233122587267718, 0.07746016419128815, 0.048412602619555094, 0.034493979366433, 0.03207334923545525, 0.04659713002132178, 0.07443437652756595, 0.07140858886384376, 0.06475185600365493, 0.054464177946999474, 0.07503953406031039, 0.07140858886384376, 0.058700280676210546, 0.06596217106914382, 0.03630945196466632, 0.09198394497715467, 0.05083323275053284, 0.051438390283277284, 0.05627965054523279, 0.05688480807797723, 0.06535701353639937, 0.03267850676819969, 0.04599197248857734, 0.07080343133109931, 0.013918623253122089, 0.034493979366433, 0.07443437652756595, 0.0611209108071883, 0.06293638340542163, 0.03267850676819969, 0.04296618482485514, 0.030863034169966372, 0.029047561571733056, 0.027232088973499737, 0.04296618482485514, 0.03751976703015519, 0.04901776015229953, 0.019365041047822038, 0.023601143777033106, 0.017549568449588722, 0.012103150654888773, 0.01331346572037765, 0.01331346572037765, 0.02178567117879979, 0.019365041047822038, 0.01270830818763321, 0.004841260261955509, 0.0030257876637221934, 0.029652719104477494, 0.015128938318610965, 0.016339253384099844, 0.028442404038988615, 0.02541661637526642, 0.03630945196466632, 0.028442404038988615, 0.016339253384099844, 0.0266269314407553, 0.019365041047822038, 0.019365041047822038, 0.03388882183368856, 0.027232088973499737, 0.024206301309777547, 0.03146819170271081, 0.034493979366433, 0.02299598624428867, 0.019365041047822038, 0.012103150654888773, 0.020575356113310912, 0.02541661637526642, 0.00907736299116658, 0.009682520523911019, 0.01815472598233316, 0.013918623253122089, 0.006051575327444387, 0.015128938318610965, 0.015734095851355406, 0.00847220545842214, 0.010892835589399895, 0.01270830818763321, 0.015128938318610965, 0.011497993122144334, 0.004841260261955509, 0.01270830818763321, 0.023601143777033106, 0.005446417794699948, 0.004841260261955509, 0.005446417794699948, 0.003630945196466632, 0.006656732860188825, 0.014523780785866528, 0.00423610272921107, 0.009682520523911019, 0.007867047925677703, 0.016339253384099844, 0.011497993122144334, 0.01270830818763321, 0.012103150654888773, 0.009682520523911019, 0.021180513646055353, 0.00907736299116658, 0.020575356113310912, 0.007867047925677703, 0.004841260261955509, 0.007867047925677703, 0.006051575327444387, 0.01331346572037765, 0.014523780785866528, 0.0030257876637221934, 0.013918623253122089, 0.0030257876637221934, 0.00847220545842214, 0.0, 0.0, 0.0, 0.0, 0.0, 0.0, 0.0, 0.0, 0.0, 0.0, 0.0, 0.0, 0.0, 0.0]","[52.5, 57.5, 62.5, 67.5, 72.5, 77.5, 82.5, 87.5, 92.5, 97.5, 102.5, 107.5, 112.5, 117.5, 122.5, 127.5, 132.5, 137.5, 142.5, 147.5, 152.5, 157.5, 162.5, 167.5, 172.5, 177.5, 182.5, 187.5, 192.5, 197.5, 202.5, 207.5, 212.5, 217.5, 222.5, 227.5, 232.5, 237.5, 242.5, 247.5, 252.5, 257.5, 262.5, 267.5, 272.5, 277.5, 282.5, 287.5, 292.5, 297.5, 302.5, 307.5, 312.5, 317.5, 322.5, 327.5, 332.5, 337.5, 342.5, 347.5, 352.5, 357.5, 362.5, 367.5, 372.5, 377.5, 382.5, 387.5, 392.5, 397.5, 402.5, 407.5, 412.5, 417.5, 422.5, 427.5, 432.5, 437.5, 442.5, 447.5, 452.5, 457.5, 462.5, 467.5, 472.5, 477.5, 482.5, 487.5, 492.5, 497.5, 502.5, 507.5, 512.5, 517.5, 522.5, 527.5, 532.5, 537.5, 542.5, 547.5, 552.5, 557.5, 562.5, 567.5, 572.5, 577.5, 582.5, 587.5, 592.5, 597.5, 602.5, 607.5, 612.5, 617.5, 622.5, 627.5, 632.5, 637.5, 642.5, 647.5, 652.5, 657.5, 662.5, 667.5, 672.5, 677.5, 682.5, 687.5, 692.5, 697.5, 702.5, 707.5, 712.5, 717.5, 722.5, 727.5, 732.5, 737.5, 742.5, 747.5, 752.5, 757.5, 762.5, 767.5, 772.5, 777.5, 782.5, 787.5, 792.5, 797.5, 802.5, 807.5, 812.5, 817.5]",0.012456814148051108,15.996830368574326,611.380521800485,0.0457006440379362
G3,FAT_ns,2,"[0.1340628076902096, 0.08596852690448419, 0.07394495670805283, 0.10761095325806062, 0.11662863090538414, 0.08717088392412732, 0.07574849223751753, 0.05831431545269207, 0.07695084925716067, 0.07394495670805283, 0.06673081459019402, 0.08476616988484105, 0.06733199310001559, 0.07695084925716067, 0.05230253035447639, 0.061921386511621476, 0.04809428078572542, 0.03426717505982936, 0.04809428078572542, 0.05110017333483326, 0.06552845757055088, 0.04809428078572542, 0.05049899482501169, 0.03426717505982936, 0.04448720972679601, 0.04208249568750974, 0.04809428078572542, 0.04568956674643915, 0.04268367419733131, 0.06733199310001559, 0.0577131369428705, 0.03967778164822347, 0.05891549396251364, 0.08115909882591164, 0.05110017333483326, 0.03426717505982936, 0.061921386511621476, 0.05350488737411953, 0.05230253035447639, 0.06011785098215677, 0.05049899482501169, 0.04689192376608228, 0.035469532079472496, 0.04268367419733131, 0.0577131369428705, 0.02885656847143525, 0.03486835356965093, 0.04328485270715288, 0.04568956674643915, 0.040880138667866606, 0.025249497412505845, 0.03366599655000779, 0.019237712314290167, 0.02945774698125682, 0.03426717505982936, 0.05230253035447639, 0.0559096014134058, 0.04148131717768817, 0.040880138667866606, 0.028255389961613683, 0.0390766031384019, 0.03186246102054309, 0.03787424611875877, 0.04027896015804504, 0.07154024266876656, 0.035469532079472496, 0.054106065883941096, 0.05651077992322737, 0.05651077992322737, 0.054106065883941096, 0.04148131717768817, 0.03186246102054309, 0.059516672472335205, 0.06011785098215677, 0.019237712314290167, 0.06372492204108618, 0.02104124784375487, 0.025249497412505845, 0.02885656847143525, 0.04328485270715288, 0.03486835356965093, 0.02344596188304114, 0.022844783373219574, 0.030660104000899954, 0.019237712314290167, 0.019237712314290167, 0.030058925491078387, 0.02344596188304114, 0.02945774698125682, 0.016832998275003896, 0.01563064125536076, 0.03366599655000779, 0.019237712314290167, 0.02164242635357644, 0.03126128251072152, 0.01322592721607449, 0.03246363953036466, 0.025249497412505845, 0.03186246102054309, 0.02885656847143525, 0.018035355294647032, 0.03486835356965093, 0.04749310227590385, 0.05049899482501169, 0.02344596188304114, 0.02404714039286271, 0.02885656847143525, 0.022243604863398006, 0.022844783373219574, 0.04749310227590385, 0.02645185443214898, 0.033064818040186225, 0.013827105725896058, 0.0186365338044686, 0.025249497412505845, 0.010220034666966651, 0.025850675922327412, 0.03667188909911563, 0.02645185443214898, 0.024648318902684277, 0.02885656847143525, 0.022844783373219574, 0.02104124784375487, 0.019838890824111735, 0.0372730676089372, 0.02404714039286271, 0.017434176784825464, 0.013827105725896058, 0.006612963608037245, 0.02344596188304114, 0.025249497412505845, 0.02164242635357644, 0.01322592721607449, 0.00781532062768038, 0.01322592721607449, 0.006612963608037245, 0.010220034666966651, 0.006011785098215677, 0.00781532062768038, 0.020440069333933303, 0.016832998275003896, 0.006612963608037245, 0.008416499137501948, 0.010220034666966651, 0.00781532062768038, 0.0036070710589294064, 0.006011785098215677, 0.010220034666966651, 0.004208249568750974, 0.00781532062768038, 0.009618856157145084, 0.009618856157145084, 0.009017677647323516, 0.002404714039286271]","[52.5, 57.5, 62.5, 67.5, 72.5, 77.5, 82.5, 87.5, 92.5, 97.5, 102.5, 107.5, 112.5, 117.5, 122.5, 127.5, 132.5, 137.5, 142.5, 147.5, 152.5, 157.5, 162.5, 167.5, 172.5, 177.5, 182.5, 187.5, 192.5, 197.5, 202.5, 207.5, 212.5, 217.5, 222.5, 227.5, 232.5, 237.5, 242.5, 247.5, 252.5, 257.5, 262.5, 267.5, 272.5, 277.5, 282.5, 287.5, 292.5, 297.5, 302.5, 307.5, 312.5, 317.5, 322.5, 327.5, 332.5, 337.5, 342.5, 347.5, 352.5, 357.5, 362.5, 367.5, 372.5, 377.5, 382.5, 387.5, 392.5, 397.5, 402.5, 407.5, 412.5, 417.5, 422.5, 427.5, 432.5, 437.5, 442.5, 447.5, 452.5, 457.5, 462.5, 467.5, 472.5, 477.5, 482.5, 487.5, 492.5, 497.5, 502.5, 507.5, 512.5, 517.5, 522.5, 527.5, 532.5, 537.5, 542.5, 547.5, 552.5, 557.5, 562.5, 567.5, 572.5, 577.5, 582.5, 587.5, 592.5, 597.5, 602.5, 607.5, 612.5, 617.5, 622.5, 627.5, 632.5, 637.5, 642.5, 647.5, 652.5, 657.5, 662.5, 667.5, 672.5, 677.5, 682.5, 687.5, 692.5, 697.5, 702.5, 707.5, 712.5, 717.5, 722.5, 727.5, 732.5, 737.5, 742.5, 747.5, 752.5, 757.5, 762.5, 767.5, 772.5, 777.5, 782.5, 787.5, 792.5, 797.5, 802.5, 807.5, 812.5, 817.5]",0.021056862869983997,18.219642621464832,512.927798819127,0.04603121271547882
G3,FAT_ns,3,"[0.043706994950421296, 0.0580158325829997, 0.04474763768733609, 0.04474763768733609, 0.036682656476246446, 0.047089083845394376, 0.05047117274036745, 0.0434468342661926, 0.028877835949385502, 0.04760940521385177, 0.03616233510778905, 0.0426663522135065, 0.041625709476591714, 0.03772329921316124, 0.03616233510778905, 0.04891020863499526, 0.07440595568940768, 0.04136554879236301, 0.044487477003107394, 0.05047117274036745, 0.047089083845394376, 0.03486153168664556, 0.05541422574071272, 0.05255245821419704, 0.04396715563464999, 0.04500779837156479, 0.05619470779339881, 0.052812618898425735, 0.06816209926791893, 0.07206450953134941, 0.04552811974002219, 0.06243856421488757, 0.06399952832025976, 0.06165808216220147, 0.050731333424596146, 0.041105388108134314, 0.06998322405751982, 0.06920274200483371, 0.0731051522682642, 0.05463374368802662, 0.046568762476936976, 0.03642249579201775, 0.04786956589808047, 0.06608081379408934, 0.05333294026688313, 0.04630860179270828, 0.05255245821419704, 0.05125165479305355, 0.04786956589808047, 0.045788280424250885, 0.05047117274036745, 0.03720297784470384, 0.03694281716047514, 0.04838988726653787, 0.05125165479305355, 0.04396715563464999, 0.04734924452962307, 0.04188587016082041, 0.046568762476936976, 0.0431866735819639, 0.0434468342661926, 0.02601606842286982, 0.03278024621281597, 0.024715265001726328, 0.0286176752651568, 0.036682656476246446, 0.03772329921316124, 0.045788280424250885, 0.045788280424250885, 0.038243620581618634, 0.031219282107443784, 0.04214603084504911, 0.03850378126584733, 0.03616233510778905, 0.027056711159784613, 0.03512169237087426, 0.03304040689704467, 0.044487477003107394, 0.036682656476246446, 0.024715265001726328, 0.04188587016082041, 0.03330056758127337, 0.03225992484435858, 0.05099149410882485, 0.03590217442356035, 0.041625709476591714, 0.036682656476246446, 0.03772329921316124, 0.025495747054412425, 0.03382088894973077, 0.02601606842286982, 0.024715265001726328, 0.03512169237087426, 0.03694281716047514, 0.03902410263430473, 0.03460137100241686, 0.026796550475555913, 0.031219282107443784, 0.030698960738986387, 0.026536389791327216, 0.026536389791327216, 0.025755907738641122, 0.03173960347590118, 0.03225992484435858, 0.028357514580928105, 0.0431866735819639, 0.03382088894973077, 0.025235586370183725, 0.030698960738986387, 0.03980458468699082, 0.03147944279167248, 0.02159333679098195, 0.015609641053721892, 0.024975425685955028, 0.037463138528932544, 0.01847140858023757, 0.010666588053376625, 0.024715265001726328, 0.019251890632923666, 0.027056711159784613, 0.013268194895663608, 0.0143088376325784, 0.014829159001035798, 0.016390123106407986, 0.007804820526860946, 0.013528355579892307, 0.01586980173795059, 0.018211247896008875, 0.02731687184401331, 0.020812854738295857, 0.020812854738295857, 0.013268194895663608, 0.015089319685264495, 0.016650283790636686, 0.012487712842977514, 0.010666588053376625, 0.010666588053376625, 0.013788516264121005, 0.01300803421143491, 0.012747873527206213, 0.011967391474520117, 0.011707230790291418, 0.011967391474520117, 0.020552694054067157, 0.013788516264121005, 0.015609641053721892, 0.01586980173795059, 0.013528355579892307, 0.016650283790636686, 0.013788516264121005, 0.01586980173795059, 0.013268194895663608, 0.014829159001035798, 0.009886106000690531]","[52.5, 57.5, 62.5, 67.5, 72.5, 77.5, 82.5, 87.5, 92.5, 97.5, 102.5, 107.5, 112.5, 117.5, 122.5, 127.5, 132.5, 137.5, 142.5, 147.5, 152.5, 157.5, 162.5, 167.5, 172.5, 177.5, 182.5, 187.5, 192.5, 197.5, 202.5, 207.5, 212.5, 217.5, 222.5, 227.5, 232.5, 237.5, 242.5, 247.5, 252.5, 257.5, 262.5, 267.5, 272.5, 277.5, 282.5, 287.5, 292.5, 297.5, 302.5, 307.5, 312.5, 317.5, 322.5, 327.5, 332.5, 337.5, 342.5, 347.5, 352.5, 357.5, 362.5, 367.5, 372.5, 377.5, 382.5, 387.5, 392.5, 397.5, 402.5, 407.5, 412.5, 417.5, 422.5, 427.5, 432.5, 437.5, 442.5, 447.5, 452.5, 457.5, 462.5, 467.5, 472.5, 477.5, 482.5, 487.5, 492.5, 497.5, 502.5, 507.5, 512.5, 517.5, 522.5, 527.5, 532.5, 537.5, 542.5, 547.5, 552.5, 557.5, 562.5, 567.5, 572.5, 577.5, 582.5, 587.5, 592.5, 597.5, 602.5, 607.5, 612.5, 617.5, 622.5, 627.5, 632.5, 637.5, 642.5, 647.5, 652.5, 657.5, 662.5, 667.5, 672.5, 677.5, 682.5, 687.5, 692.5, 697.5, 702.5, 707.5, 712.5, 717.5, 722.5, 727.5, 732.5, 737.5, 742.5, 747.5, 752.5, 757.5, 762.5, 767.5, 772.5, 777.5, 782.5, 787.5, 792.5, 797.5, 802.5, 807.5, 812.5, 817.5]",0.023853693904605313,18.160187268884386,164.52557429827482,0.1145726007958787
G3,FA_ns,1,"[0.0391418753648797, 0.03202517075308339, 0.0505286027437538, 0.03558352305898155, 0.03629519352016118, 0.04625857997667601, 0.029890159369544502, 0.029890159369544502, 0.055510295972011216, 0.014233409223592619, 0.048393591360214906, 0.06049198920026863, 0.052663614127292695, 0.06262700058380753, 0.04625857997667601, 0.05764530735555011, 0.04981693228257417, 0.03487185259780192, 0.03487185259780192, 0.0391418753648797, 0.0412768867484186, 0.04483523905431675, 0.05622196643319085, 0.03416018213662229, 0.018503431990670404, 0.03629519352016118, 0.04625857997667601, 0.03344851167544265, 0.05337528458847232, 0.016368420607131513, 0.018503431990670404, 0.023485125218927823, 0.046970250437855646, 0.0206384433742093, 0.009963386456514834, 0.022773454757748193, 0.03629519352016118, 0.04412356859313712, 0.030601829830724132, 0.055510295972011216, 0.05195194366611306, 0.07187871657914273, 0.029890159369544502, 0.03700686398134081, 0.052663614127292695, 0.046970250437855646, 0.05622196643319085, 0.0412768867484186, 0.04056521628723896, 0.06262700058380753, 0.06262700058380753, 0.06618535288970569, 0.06547368242852605, 0.0711670461179631, 0.05906864827790937, 0.045546909515496385, 0.0668970233508853, 0.05337528458847232, 0.04981693228257417, 0.0206384433742093, 0.046970250437855646, 0.0668970233508853, 0.04910526182139454, 0.04056521628723896, 0.022773454757748193, 0.04341189813195749, 0.04483523905431675, 0.018503431990670404, 0.026331807063646347, 0.014233409223592619, 0.03771853444252044, 0.017791761529490774, 0.023485125218927823, 0.015656750145951883, 0.024908466141287083, 0.016368420607131513, 0.013521738762412989, 0.03416018213662229, 0.03558352305898155, 0.013521738762412989, 0.018503431990670404, 0.059780318739089004, 0.030601829830724132, 0.023485125218927823, 0.030601829830724132, 0.029890159369544502, 0.0391418753648797, 0.031313500291903766, 0.03629519352016118, 0.024196795680107453, 0.031313500291903766, 0.017080091068311144, 0.017791761529490774, 0.006405034150616678, 0.010675056917694464, 0.015656750145951883, 0.0071167046117963095, 0.022773454757748193, 0.0206384433742093, 0.03273684121426303, 0.019215102451850038, 0.015656750145951883, 0.025620136602466714, 0.03629519352016118, 0.011386727378874096, 0.03416018213662229, 0.012098397840053727, 0.024196795680107453, 0.014233409223592619, 0.010675056917694464, 0.02206178429656856, 0.029890159369544502, 0.016368420607131513, 0.0206384433742093, 0.029178488908364872, 0.009251715995335202, 0.03344851167544265, 0.019215102451850038, 0.018503431990670404, 0.024196795680107453, 0.005693363689437048, 0.009963386456514834, 0.009963386456514834, 0.008540045534155572, 0.006405034150616678, 0.012098397840053727, 0.006405034150616678, 0.011386727378874096, 0.011386727378874096, 0.019215102451850038, 0.008540045534155572, 0.009963386456514834, 0.014233409223592619, 0.016368420607131513, 0.004270022767077786, 0.010675056917694464, 0.009251715995335202, 0.013521738762412989, 0.027755147986005608, 0.014233409223592619, 0.030601829830724132, 0.015656750145951883, 0.022773454757748193, 0.0071167046117963095, 0.014233409223592619, 0.008540045534155572, 0.024196795680107453, 0.02135011383538893, 0.006405034150616678, 0.006405034150616678, 0.007828375072975942, 0.010675056917694464, 0.0071167046117963095, 0.008540045534155572]","[52.5, 57.5, 62.5, 67.5, 72.5, 77.5, 82.5, 87.5, 92.5, 97.5, 102.5, 107.5, 112.5, 117.5, 122.5, 127.5, 132.5, 137.5, 142.5, 147.5, 152.5, 157.5, 162.5, 167.5, 172.5, 177.5, 182.5, 187.5, 192.5, 197.5, 202.5, 207.5, 212.5, 217.5, 222.5, 227.5, 232.5, 237.5, 242.5, 247.5, 252.5, 257.5, 262.5, 267.5, 272.5, 277.5, 282.5, 287.5, 292.5, 297.5, 302.5, 307.5, 312.5, 317.5, 322.5, 327.5, 332.5, 337.5, 342.5, 347.5, 352.5, 357.5, 362.5, 367.5, 372.5, 377.5, 382.5, 387.5, 392.5, 397.5, 402.5, 407.5, 412.5, 417.5, 422.5, 427.5, 432.5, 437.5, 442.5, 447.5, 452.5, 457.5, 462.5, 467.5, 472.5, 477.5, 482.5, 487.5, 492.5, 497.5, 502.5, 507.5, 512.5, 517.5, 522.5, 527.5, 532.5, 537.5, 542.5, 547.5, 552.5, 557.5, 562.5, 567.5, 572.5, 577.5, 582.5, 587.5, 592.5, 597.5, 602.5, 607.5, 612.5, 617.5, 622.5, 627.5, 632.5, 637.5, 642.5, 647.5, 652.5, 657.5, 662.5, 667.5, 672.5, 677.5, 682.5, 687.5, 692.5, 697.5, 702.5, 707.5, 712.5, 717.5, 722.5, 727.5, 732.5, 737.5, 742.5, 747.5, 752.5, 757.5, 762.5, 767.5, 772.5, 777.5, 782.5, 787.5, 792.5, 797.5, 802.5, 807.5, 812.5, 817.5]",0.018660554040541236,23.89750463268434,683.0101758246241,0.03857269676747111
G3,FA_ns,2,"[0.0739098903954824, 0.0960246607500362, 0.09718859603185481, 0.08031153444548482, 0.06168856993638689, 0.06750824634548, 0.06110660229547758, 0.06285250521820551, 0.06867218162729861, 0.09427875782730827, 0.08554924321366861, 0.028516414404556205, 0.08089350208639413, 0.0733279227545731, 0.050049217118200685, 0.09369679018639895, 0.06343447285911483, 0.0797295668045755, 0.06576234342275206, 0.08554924321366861, 0.1076640135682224, 0.09369679018639895, 0.07100005219093586, 0.053541022963656544, 0.08147546972730343, 0.0902049843409431, 0.06867218162729861, 0.09311482254548964, 0.09951646659549206, 0.06983611690911723, 0.08729514613639654, 0.08089350208639413, 0.10417220772276654, 0.06983611690911723, 0.09427875782730827, 0.10009843423640137, 0.07100005219093586, 0.06343447285911483, 0.03550002609546793, 0.05528692588638448, 0.054704958245475166, 0.07158201983184516, 0.08089350208639413, 0.050049217118200685, 0.03608199373637724, 0.03608199373637724, 0.05412299060456586, 0.0395737995818331, 0.029098382045465516, 0.028516414404556205, 0.04015576722274241, 0.013385255740914136, 0.04073773486365172, 0.01804099686818862, 0.02036886743182586, 0.03666396137728655, 0.029098382045465516, 0.03259018789092138, 0.048885281836382063, 0.015131158663642067, 0.045393475990926205, 0.01804099686818862, 0.025606576200009654, 0.037827896659105166, 0.04481150835001689, 0.04131970250456103, 0.0395737995818331, 0.06750824634548, 0.02386067327728172, 0.024442640918191032, 0.02153280271364448, 0.033172155531830685, 0.04131970250456103, 0.042483637786379654, 0.03375412317274, 0.027934446763646894, 0.05063118475910999, 0.051795120040928615, 0.01687706158637, 0.02095083507273517, 0.027352479122737583, 0.0395737995818331, 0.03724592901819586, 0.02036886743182586, 0.02327870563637241, 0.029098382045465516, 0.013967223381823447, 0.004655741127274482, 0.01804099686818862, 0.009311482254548965, 0.022696737995463102, 0.013967223381823447, 0.006401644050002413, 0.01687706158637, 0.0058196764090931025, 0.004073773486365172, 0.0075655793318210336, 0.010475417536367585, 0.015713126304551378, 0.005237708768183792, 0.0011639352818186206, 0.0017459029227279309, 0.0029098382045465512, 0.0011639352818186206, 0.0011639352818186206, 0.0005819676409093103, 0.0011639352818186206, 0.0017459029227279309, 0.002327870563637241, 0.0029098382045465512, 0.002327870563637241, 0.002327870563637241, 0.013385255740914136, 0.006401644050002413, 0.009893449895458276, 0.0069836116909117235, 0.010475417536367585, 0.004655741127274482, 0.005237708768183792, 0.0017459029227279309, 0.0017459029227279309, 0.0017459029227279309, 0.0029098382045465512, 0.004655741127274482, 0.004655741127274482, 0.0069836116909117235, 0.0069836116909117235, 0.0075655793318210336, 0.02386067327728172, 0.004655741127274482, 0.002327870563637241, 0.012221320459095516, 0.011057385177276896, 0.01862296450909793, 0.0034918058454558617, 0.004655741127274482, 0.012221320459095516, 0.0011639352818186206, 0.004073773486365172, 0.008147546972730344, 0.0075655793318210336, 0.02327870563637241, 0.012221320459095516, 0.005237708768183792, 0.008729514613639654, 0.002327870563637241, 0.002327870563637241, 0.009311482254548965, 0.006401644050002413, 0.010475417536367585, 0.008147546972730344, 0.009311482254548965, 0.008729514613639654, 0.0029098382045465512]","[52.5, 57.5, 62.5, 67.5, 72.5, 77.5, 82.5, 87.5, 92.5, 97.5, 102.5, 107.5, 112.5, 117.5, 122.5, 127.5, 132.5, 137.5, 142.5, 147.5, 152.5, 157.5, 162.5, 167.5, 172.5, 177.5, 182.5, 187.5, 192.5, 197.5, 202.5, 207.5, 212.5, 217.5, 222.5, 227.5, 232.5, 237.5, 242.5, 247.5, 252.5, 257.5, 262.5, 267.5, 272.5, 277.5, 282.5, 287.5, 292.5, 297.5, 302.5, 307.5, 312.5, 317.5, 322.5, 327.5, 332.5, 337.5, 342.5, 347.5, 352.5, 357.5, 362.5, 367.5, 372.5, 377.5, 382.5, 387.5, 392.5, 397.5, 402.5, 407.5, 412.5, 417.5, 422.5, 427.5, 432.5, 437.5, 442.5, 447.5, 452.5, 457.5, 462.5, 467.5, 472.5, 477.5, 482.5, 487.5, 492.5, 497.5, 502.5, 507.5, 512.5, 517.5, 522.5, 527.5, 532.5, 537.5, 542.5, 547.5, 552.5, 557.5, 562.5, 567.5, 572.5, 577.5, 582.5, 587.5, 592.5, 597.5, 602.5, 607.5, 612.5, 617.5, 622.5, 627.5, 632.5, 637.5, 642.5, 647.5, 652.5, 657.5, 662.5, 667.5, 672.5, 677.5, 682.5, 687.5, 692.5, 697.5, 702.5, 707.5, 712.5, 717.5, 722.5, 727.5, 732.5, 737.5, 742.5, 747.5, 752.5, 757.5, 762.5, 767.5, 772.5, 777.5, 782.5, 787.5, 792.5, 797.5, 802.5, 807.5, 812.5, 817.5]",0.009901007916768787,25.3492071089388,1485.441305285432,0.04761733384061175
G3,FA_ns,3,"[0.05592056018637831, 0.05487531607074507, 0.035799610960438454, 0.0449454969722293, 0.04154845359642127, 0.04207107565423789, 0.06741824545834395, 0.06977004471851873, 0.05801104841764479, 0.03632223301825507, 0.0475586072613124, 0.03397043375808028, 0.04180976462532958, 0.03919665433624648, 0.03397043375808028, 0.050433028579303804, 0.04311631976987113, 0.05644318224419493, 0.04207107565423789, 0.04076452050969634, 0.0423323866831462, 0.04651336314567916, 0.04390025285659606, 0.03684485507607169, 0.04808122931912902, 0.03606092198934676, 0.054091382984020143, 0.04808122931912902, 0.04964909549257888, 0.03553829993153014, 0.04337763079877944, 0.046774674174587465, 0.04442287491441268, 0.048342540348037324, 0.03397043375808028, 0.04128714256751296, 0.05487531607074507, 0.05121696166602874, 0.05748842635982817, 0.045206808001137605, 0.04102583153860465, 0.04207107565423789, 0.052000894752753664, 0.03815141022061324, 0.030050768324455635, 0.04390025285659606, 0.04076452050969634, 0.03998058742297141, 0.0397192763940631, 0.03919665433624648, 0.0501717175503955, 0.045729430058954225, 0.05696580430201155, 0.035799610960438454, 0.02691503597755592, 0.034231744786988594, 0.030312079353363944, 0.033709122729171974, 0.03867403227842986, 0.02534716980410606, 0.03762878816279662, 0.03867403227842986, 0.029005524208822395, 0.04964909549257888, 0.03998058742297141, 0.029789457295547325, 0.03998058742297141, 0.032141256555722114, 0.04442287491441268, 0.0449454969722293, 0.02613110289083099, 0.03815141022061324, 0.04808122931912902, 0.04964909549257888, 0.035799610960438454, 0.04024189845187972, 0.02665372494864761, 0.044161563885504365, 0.03736747713388831, 0.04076452050969634, 0.03684485507607169, 0.05644318224419493, 0.04546811903004592, 0.03841272124952155, 0.03841272124952155, 0.0449454969722293, 0.03606092198934676, 0.03789009919170493, 0.03187994552681381, 0.034231744786988594, 0.029266835237730705, 0.03240256758463043, 0.04128714256751296, 0.04285500874096282, 0.04154845359642127, 0.03710616610498, 0.04860385137694564, 0.030834701411180564, 0.045729430058954225, 0.05931760356218634, 0.04207107565423789, 0.0263924139197393, 0.01985963819703155, 0.028744213179914085, 0.04311631976987113, 0.033186500671355354, 0.035799610960438454, 0.02665372494864761, 0.0263924139197393, 0.0263924139197393, 0.03762878816279662, 0.02586979186192268, 0.033709122729171974, 0.01698521687904014, 0.016201283792315214, 0.02012094922593986, 0.027698969064280845, 0.01985963819703155, 0.01985963819703155, 0.016201283792315214, 0.016201283792315214, 0.028482902151005775, 0.028482902151005775, 0.029789457295547325, 0.02456323671738113, 0.01907570511030662, 0.012542929387598874, 0.02038226025484817, 0.006794086751616057, 0.011497685271965635, 0.02456323671738113, 0.013588173503232114, 0.009407197040699155, 0.012020307329782254, 0.015417350705590282, 0.007055397780524366, 0.008623263953974225, 0.005748842635982817, 0.009407197040699155, 0.009407197040699155, 0.0028744213179914086, 0.007839330867249297, 0.003658354404716338, 0.007055397780524366, 0.0039196654336246485, 0.006532775722707747, 0.003658354404716338, 0.0041809764625329576, 0.0044422874914412675, 0.0013065551445415493, 0.0, 0.0, 0.0, 0.0]","[52.5, 57.5, 62.5, 67.5, 72.5, 77.5, 82.5, 87.5, 92.5, 97.5, 102.5, 107.5, 112.5, 117.5, 122.5, 127.5, 132.5, 137.5, 142.5, 147.5, 152.5, 157.5, 162.5, 167.5, 172.5, 177.5, 182.5, 187.5, 192.5, 197.5, 202.5, 207.5, 212.5, 217.5, 222.5, 227.5, 232.5, 237.5, 242.5, 247.5, 252.5, 257.5, 262.5, 267.5, 272.5, 277.5, 282.5, 287.5, 292.5, 297.5, 302.5, 307.5, 312.5, 317.5, 322.5, 327.5, 332.5, 337.5, 342.5, 347.5, 352.5, 357.5, 362.5, 367.5, 372.5, 377.5, 382.5, 387.5, 392.5, 397.5, 402.5, 407.5, 412.5, 417.5, 422.5, 427.5, 432.5, 437.5, 442.5, 447.5, 452.5, 457.5, 462.5, 467.5, 472.5, 477.5, 482.5, 487.5, 492.5, 497.5, 502.5, 507.5, 512.5, 517.5, 522.5, 527.5, 532.5, 537.5, 542.5, 547.5, 552.5, 557.5, 562.5, 567.5, 572.5, 577.5, 582.5, 587.5, 592.5, 597.5, 602.5, 607.5, 612.5, 617.5, 622.5, 627.5, 632.5, 637.5, 642.5, 647.5, 652.5, 657.5, 662.5, 667.5, 672.5, 677.5, 682.5, 687.5, 692.5, 697.5, 702.5, 707.5, 712.5, 717.5, 722.5, 727.5, 732.5, 737.5, 742.5, 747.5, 752.5, 757.5, 762.5, 767.5, 772.5, 777.5, 782.5, 787.5, 792.5, 797.5, 802.5, 807.5, 812.5, 817.5]",0.02380645282846485,17.3139423106164,230.6981861725514,0.11402823681070777
G4,FAT_ns,1,"[0.07682634829085944, 0.0658981787824767, 0.06760981978981374, 0.07590469544075487, 0.06945312549002289, 0.05687914732073912, 0.07267891046538888, 0.06398904073583152, 0.0665565022468371, 0.06708316101832543, 0.057076644360047245, 0.04865010401623404, 0.06905813141140664, 0.058722453020948265, 0.05174422429872795, 0.05898578240669242, 0.057932464863715775, 0.06122408218551781, 0.05964410587105283, 0.06135574687838989, 0.055957494470634556, 0.06063159106759344, 0.07300807219756908, 0.06458153185375588, 0.05733997374579141, 0.05865662067451222, 0.0693214607971508, 0.0658981787824767, 0.07379806035480158, 0.0608949204533376, 0.058261626595895975, 0.0665565022468371, 0.06958479018289497, 0.06602984347534878, 0.05951244117818075, 0.06168490861057009, 0.06458153185375588, 0.06175074095700613, 0.0620140703427503, 0.05885411771382034, 0.05450918284904166, 0.060302429335413237, 0.06306738788572694, 0.045950977812356374, 0.06036826168184928, 0.06616150816822086, 0.06313322023216299, 0.05529917100627415, 0.07136226353666807, 0.0549041769276579, 0.06451569950731983, 0.0633307172714711, 0.05661581793499496, 0.06319905257859902, 0.06570068174316857, 0.061092417492645726, 0.05661581793499496, 0.05951244117818075, 0.055167506313402066, 0.05378502703824521, 0.05134923022011171, 0.05740580609222745, 0.04707012770176907, 0.056813314974303086, 0.07300807219756908, 0.05753747078509953, 0.05694497966717516, 0.06352821431077924, 0.0608949204533376, 0.05378502703824521, 0.05325836826675689, 0.05957827352461679, 0.0521392183773442, 0.059841602910360954, 0.06207990268918633, 0.049110930441286324, 0.053192535920320846, 0.05174422429872795, 0.0570108120136112, 0.055035841620529984, 0.05523333865983811, 0.05654998558855892, 0.05931494413887263, 0.06010493229610511, 0.05891995006025638, 0.043646845687094954, 0.0636598790036513, 0.06049992637472136, 0.05418002111686146, 0.05536500335271019, 0.055957494470634556, 0.04450266619076348, 0.05016424798426298, 0.053060871227448764, 0.044107672112147236, 0.044897660269379726, 0.04502932496225181, 0.04476599557650764, 0.04213270171906602, 0.045160989655123884, 0.05055924206287922, 0.04897926574841425, 0.0506909067557513, 0.05608915916350664, 0.06082908810690156, 0.05345586530606501, 0.0563524885492508, 0.0464776365838447, 0.058722453020948265, 0.04990091859851881, 0.05529917100627415, 0.05687914732073912, 0.05661581793499496, 0.050032583291390896, 0.048057612898309676, 0.04990091859851881, 0.05648415324212288, 0.04476599557650764, 0.044897660269379726, 0.05464084754191374, 0.04555598373374013, 0.04779428351256551, 0.04529265434799597, 0.04818927759118176, 0.05766913547797161, 0.058722453020948265, 0.04358101334065891, 0.04660930127671678, 0.036866114004182764, 0.04384434272640307, 0.046872630662460946, 0.04331768395491475, 0.0443710014978914, 0.04318601926204267, 0.04239603110481018, 0.04450266619076348, 0.03673444931131068, 0.03620779053982236, 0.034891143611101544, 0.038051096240031494, 0.029097897124729967, 0.036997778697054846, 0.04845260697692592, 0.038051096240031494, 0.03278450852514825, 0.02830790896749748, 0.031862855675043676, 0.026596267960160423, 0.029097897124729967, 0.027781250196009154, 0.023436315331230473, 0.017906398230603058, 0.01500977498741727, 0.02132968024527717]","[52.5, 57.5, 62.5, 67.5, 72.5, 77.5, 82.5, 87.5, 92.5, 97.5, 102.5, 107.5, 112.5, 117.5, 122.5, 127.5, 132.5, 137.5, 142.5, 147.5, 152.5, 157.5, 162.5, 167.5, 172.5, 177.5, 182.5, 187.5, 192.5, 197.5, 202.5, 207.5, 212.5, 217.5, 222.5, 227.5, 232.5, 237.5, 242.5, 247.5, 252.5, 257.5, 262.5, 267.5, 272.5, 277.5, 282.5, 287.5, 292.5, 297.5, 302.5, 307.5, 312.5, 317.5, 322.5, 327.5, 332.5, 337.5, 342.5, 347.5, 352.5, 357.5, 362.5, 367.5, 372.5, 377.5, 382.5, 387.5, 392.5, 397.5, 402.5, 407.5, 412.5, 417.5, 422.5, 427.5, 432.5, 437.5, 442.5, 447.5, 452.5, 457.5, 462.5, 467.5, 472.5, 477.5, 482.5, 487.5, 492.5, 497.5, 502.5, 507.5, 512.5, 517.5, 522.5, 527.5, 532.5, 537.5, 542.5, 547.5, 552.5, 557.5, 562.5, 567.5, 572.5, 577.5, 582.5, 587.5, 592.5, 597.5, 602.5, 607.5, 612.5, 617.5, 622.5, 627.5, 632.5, 637.5, 642.5, 647.5, 652.5, 657.5, 662.5, 667.5, 672.5, 677.5, 682.5, 687.5, 692.5, 697.5, 702.5, 707.5, 712.5, 717.5, 722.5, 727.5, 732.5, 737.5, 742.5, 747.5, 752.5, 757.5, 762.5, 767.5, 772.5, 777.5, 782.5, 787.5, 792.5, 797.5, 802.5, 807.5, 812.5, 817.5]",0.046000565813567935,13.076539065457055,37.02812268920718,0.27752060505492393
G4,FAT_ns,2,"[0.07757353739789502, 0.05791689443734243, 0.06405959536251511, 0.05739037721518477, 0.060549480548130724, 0.07283488239847609, 0.0612515035110076, 0.07441443406494906, 0.05949644610381541, 0.06616566425114574, 0.06405959536251511, 0.07599398573142203, 0.09231601961830946, 0.07353690536135296, 0.05896992888165775, 0.05370475666008116, 0.0630065609181998, 0.059145434622376966, 0.06370858388107667, 0.060724986288849946, 0.06195352647388448, 0.05475779110439648, 0.051072170549292875, 0.03720721703247453, 0.0638840896217959, 0.04457845814268175, 0.04791306721634692, 0.045806998327716286, 0.04387643517980487, 0.05054565332713521, 0.06265554943676135, 0.052476216475046626, 0.06265554943676135, 0.059847457585253845, 0.04896610166066224, 0.0612515035110076, 0.05528430832655414, 0.05335374517864273, 0.05563531980799258, 0.05739037721518477, 0.06950027332481092, 0.05528430832655414, 0.045806998327716286, 0.05826790591878087, 0.0477375614756277, 0.04984363036425834, 0.059847457585253845, 0.055986331289431014, 0.06546364128826887, 0.052476216475046626, 0.04001530888398205, 0.046509021290593165, 0.06634116999186497, 0.0558108255487118, 0.06599015851042653, 0.06318206665891901, 0.06528813554754966, 0.0558108255487118, 0.056863859993027115, 0.05458228536367726, 0.05896992888165775, 0.05072115906785443, 0.04334991795764721, 0.05633734277086946, 0.05475779110439648, 0.05124767629001209, 0.05861891740021931, 0.049317113142100674, 0.061427009251726825, 0.04756205573490848, 0.04914160740138146, 0.057039365733746336, 0.05739037721518477, 0.05142318203073131, 0.05159868777145053, 0.04703553851275082, 0.05668835425230789, 0.06651667573258419, 0.050370147586415996, 0.057039365733746336, 0.05791689443734243, 0.05177419351216975, 0.05932094036309619, 0.052476216475046626, 0.04492946962412019, 0.05458228536367726, 0.05739037721518477, 0.0486150901792238, 0.055986331289431014, 0.05458228536367726, 0.05668835425230789, 0.04826407869778536, 0.05001913610497755, 0.053002733697204284, 0.049492618882819896, 0.0477375614756277, 0.04457845814268175, 0.053178239437923505, 0.041945872031893455, 0.0468600327720316, 0.04914160740138146, 0.036154182588159216, 0.043525423698366435, 0.038260251476789846, 0.04212137777261268, 0.035276653884563115, 0.02404428647853307, 0.03580317110672077, 0.033872607958809364, 0.04405194092052409, 0.03650519406959765, 0.044227446661243314, 0.04317441221692799, 0.03843575721750907, 0.049492618882819896, 0.04089283758757814, 0.02772990703363668, 0.04177036629117424, 0.02720338981147902, 0.026325861107882924, 0.029133952959390436, 0.033170584995932485, 0.03176653907017873, 0.03492564240312468, 0.043525423698366435, 0.03475013666240546, 0.03281957351449404, 0.032468562033055606, 0.034574630921686236, 0.04247238925405112, 0.042647894994770334, 0.04492946962412019, 0.03088901036658263, 0.04001530888398205, 0.03404811369952858, 0.03404811369952858, 0.035978676847439994, 0.025799343885725266, 0.0279054127743559, 0.02685237833004058, 0.03580317110672077, 0.03773373425463219, 0.03861126295822829, 0.04510497536483941, 0.04247238925405112, 0.030713504625863412, 0.03439912518096702, 0.023166757774936972, 0.026150355367163706, 0.02106068888630634, 0.029133952959390436, 0.02053417166414868, 0.030011481662986533, 0.02772990703363668]","[52.5, 57.5, 62.5, 67.5, 72.5, 77.5, 82.5, 87.5, 92.5, 97.5, 102.5, 107.5, 112.5, 117.5, 122.5, 127.5, 132.5, 137.5, 142.5, 147.5, 152.5, 157.5, 162.5, 167.5, 172.5, 177.5, 182.5, 187.5, 192.5, 197.5, 202.5, 207.5, 212.5, 217.5, 222.5, 227.5, 232.5, 237.5, 242.5, 247.5, 252.5, 257.5, 262.5, 267.5, 272.5, 277.5, 282.5, 287.5, 292.5, 297.5, 302.5, 307.5, 312.5, 317.5, 322.5, 327.5, 332.5, 337.5, 342.5, 347.5, 352.5, 357.5, 362.5, 367.5, 372.5, 377.5, 382.5, 387.5, 392.5, 397.5, 402.5, 407.5, 412.5, 417.5, 422.5, 427.5, 432.5, 437.5, 442.5, 447.5, 452.5, 457.5, 462.5, 467.5, 472.5, 477.5, 482.5, 487.5, 492.5, 497.5, 502.5, 507.5, 512.5, 517.5, 522.5, 527.5, 532.5, 537.5, 542.5, 547.5, 552.5, 557.5, 562.5, 567.5, 572.5, 577.5, 582.5, 587.5, 592.5, 597.5, 602.5, 607.5, 612.5, 617.5, 622.5, 627.5, 632.5, 637.5, 642.5, 647.5, 652.5, 657.5, 662.5, 667.5, 672.5, 677.5, 682.5, 687.5, 692.5, 697.5, 702.5, 707.5, 712.5, 717.5, 722.5, 727.5, 732.5, 737.5, 742.5, 747.5, 752.5, 757.5, 762.5, 767.5, 772.5, 777.5, 782.5, 787.5, 792.5, 797.5, 802.5, 807.5, 812.5, 817.5]",0.040215886873375434,12.913717142444588,61.10201611292513,0.18437034066487748
G4,FAT_ns,3,"[0.0715104473114172, 0.07817862407035964, 0.06116327647857549, 0.05817409379353232, 0.08254742953311503, 0.05035623138649636, 0.06369258490438123, 0.06323271064514382, 0.03495044370204314, 0.04690717444221579, 0.05909384231200714, 0.06576201907094958, 0.06530214481171218, 0.06070340221933808, 0.05426516259001434, 0.06599195620056829, 0.05610465962696398, 0.05426516259001434, 0.054954973978870454, 0.06967095027446757, 0.05771421953429491, 0.05426516259001434, 0.06783145323751792, 0.07426969286684167, 0.04989635712725895, 0.06898113888561146, 0.06737157897828051, 0.06093333934895678, 0.06783145323751792, 0.05127597990497118, 0.06461233342285606, 0.0572543452750575, 0.07312000721874813, 0.05886390518238844, 0.06967095027446757, 0.05840403092315103, 0.06300277351552512, 0.06231296212666901, 0.0712805101817985, 0.059783653700863255, 0.06852126462637403, 0.06277283638590642, 0.06346264777476253, 0.07955824684807188, 0.046677237312597084, 0.05771421953429491, 0.06553208194133088, 0.05472503684925175, 0.05403522546039564, 0.07702893842226612, 0.05656453388620139, 0.05288553981230211, 0.06622189333018699, 0.05748428240467621, 0.07472956712607907, 0.06829132749675533, 0.07334994434836684, 0.04713711157183449, 0.06553208194133088, 0.06093333934895678, 0.05564478536772657, 0.0524256655530647, 0.04483774027564744, 0.053115476941920814, 0.06093333934895678, 0.0429982432386978, 0.06001359083048196, 0.04943648286802154, 0.06001359083048196, 0.06323271064514382, 0.05380528833077693, 0.04943648286802154, 0.05656453388620139, 0.04828679721992801, 0.06737157897828051, 0.04874667147916543, 0.05771421953429491, 0.05196579129382729, 0.05817409379353232, 0.05656453388620139, 0.04483774027564744, 0.05771421953429491, 0.040238997683273346, 0.05932377944162585, 0.04414792888679133, 0.06116327647857549, 0.05173585416420859, 0.0572543452750575, 0.045527551664503556, 0.04483774027564744, 0.035410317961280545, 0.04115874620174816, 0.06415245916361864, 0.05564478536772657, 0.0572543452750575, 0.045527551664503556, 0.05564478536772657, 0.05380528833077693, 0.04874667147916543, 0.04713711157183449, 0.0664518304598057, 0.05748428240467621, 0.05403522546039564, 0.05012629425687765, 0.06599195620056829, 0.05771421953429491, 0.052195728423446, 0.06622189333018699, 0.06116327647857549, 0.06116327647857549, 0.05886390518238844, 0.05104604277535247, 0.062083024997050304, 0.05748428240467621, 0.05955371657124455, 0.04690717444221579, 0.04322818036831651, 0.05127597990497118, 0.04161862046098558, 0.03633006647975536, 0.029661889720812924, 0.03862943777594241, 0.04230843184984169, 0.04575748879412226, 0.04138868333136687, 0.039549186294417234, 0.04184855759060428, 0.02621283277653235, 0.03196126101699997, 0.03426063231318702, 0.03449056944280573, 0.027822392683863283, 0.036560003609374066, 0.03908931203517982, 0.031271449628143856, 0.029202015461575515, 0.038399500646323706, 0.03472050657242443, 0.033110946665093496, 0.024833209998820122, 0.017705158980640272, 0.028972078331956808, 0.03862943777594241, 0.031731323887381264, 0.03150138675776256, 0.03219119814661868, 0.025523021387676235, 0.03150138675776256, 0.023913461480345302, 0.021844027313776958, 0.016785410462165452, 0.01333635351788488, 0.022533838702633074, 0.016325536202928044]","[52.5, 57.5, 62.5, 67.5, 72.5, 77.5, 82.5, 87.5, 92.5, 97.5, 102.5, 107.5, 112.5, 117.5, 122.5, 127.5, 132.5, 137.5, 142.5, 147.5, 152.5, 157.5, 162.5, 167.5, 172.5, 177.5, 182.5, 187.5, 192.5, 197.5, 202.5, 207.5, 212.5, 217.5, 222.5, 227.5, 232.5, 237.5, 242.5, 247.5, 252.5, 257.5, 262.5, 267.5, 272.5, 277.5, 282.5, 287.5, 292.5, 297.5, 302.5, 307.5, 312.5, 317.5, 322.5, 327.5, 332.5, 337.5, 342.5, 347.5, 352.5, 357.5, 362.5, 367.5, 372.5, 377.5, 382.5, 387.5, 392.5, 397.5, 402.5, 407.5, 412.5, 417.5, 422.5, 427.5, 432.5, 437.5, 442.5, 447.5, 452.5, 457.5, 462.5, 467.5, 472.5, 477.5, 482.5, 487.5, 492.5, 497.5, 502.5, 507.5, 512.5, 517.5, 522.5, 527.5, 532.5, 537.5, 542.5, 547.5, 552.5, 557.5, 562.5, 567.5, 572.5, 577.5, 582.5, 587.5, 592.5, 597.5, 602.5, 607.5, 612.5, 617.5, 622.5, 627.5, 632.5, 637.5, 642.5, 647.5, 652.5, 657.5, 662.5, 667.5, 672.5, 677.5, 682.5, 687.5, 692.5, 697.5, 702.5, 707.5, 712.5, 717.5, 722.5, 727.5, 732.5, 737.5, 742.5, 747.5, 752.5, 757.5, 762.5, 767.5, 772.5, 777.5, 782.5, 787.5, 792.5, 797.5, 802.5, 807.5, 812.5, 817.5]",0.04327894570862194,11.248552512272687,83.04719878120764,0.13227730306115104
G4,FA_ns,1,"[0.03803681213961607, 0.031832225762231894, 0.0493669263939698, 0.03614845976389045, 0.03871122370237522, 0.033720578137957515, 0.0354740482011313, 0.034799636638372156, 0.03655310670154594, 0.03695775363920143, 0.03439498970071666, 0.03088804957436908, 0.04329722232913744, 0.03763216520196058, 0.035204283576027645, 0.02913457951119529, 0.05530174814625032, 0.03844145907727156, 0.03210199038733555, 0.03169734344968006, 0.033720578137957515, 0.04073445839065268, 0.05085063183203993, 0.037497282889408755, 0.05705521820942411, 0.048422750206106986, 0.048422750206106986, 0.040060046827893526, 0.037092635951753265, 0.05152504339479908, 0.07121786102736627, 0.04073445839065268, 0.05516686583369849, 0.05678545358432045, 0.05314363114542104, 0.06177609914873816, 0.05557151277135398, 0.05327851345797287, 0.06110168758597901, 0.04370186926679293, 0.05867380596004607, 0.05192969033245457, 0.05233433727011006, 0.05422268964583568, 0.04747857401824418, 0.05638080664666496, 0.04599486858017405, 0.046669280142933194, 0.043566986954241105, 0.042487928453826464, 0.06056215833577169, 0.045859986267622214, 0.05179480801990274, 0.05233433727011006, 0.05638080664666496, 0.05624592433411313, 0.05287386652031738, 0.04154375226596366, 0.049636691019073455, 0.06959927327674431, 0.059752864460460714, 0.05624592433411313, 0.05139016108224725, 0.05826915902239058, 0.04747857401824418, 0.05772962977218326, 0.05449245427093934, 0.060157511398116204, 0.04518557470486306, 0.04788322095589967, 0.04302745770403379, 0.04869251483121065, 0.06811556783867417, 0.05192969033245457, 0.050715749519488096, 0.052604101895213716, 0.04761345633079601, 0.05233433727011006, 0.052199454957558226, 0.05543663045880215, 0.05152504339479908, 0.054762218896043, 0.04680416245548503, 0.05098551414459176, 0.04909716176886614, 0.05327851345797287, 0.045859986267622214, 0.05799939439728692, 0.04828786789355516, 0.04478092776720757, 0.05381804270818019, 0.04383675157934477, 0.05233433727011006, 0.05165992570735091, 0.05435757195838751, 0.04761345633079601, 0.04855763251865882, 0.051120396457143585, 0.04990645564417712, 0.04410651620444843, 0.04855763251865882, 0.0493669263939698, 0.05327851345797287, 0.05233433727011006, 0.05273898420776555, 0.04194839920361915, 0.05719010052197594, 0.06339468689936012, 0.05300874883286921, 0.05017622026928078, 0.05853892364749424, 0.05098551414459176, 0.05381804270818019, 0.03722751826430509, 0.04343210464168928, 0.05678545358432045, 0.05503198352114666, 0.04639951551782954, 0.05125527876969542, 0.05044598489438444, 0.046129750892725876, 0.05422268964583568, 0.05799939439728692, 0.05638080664666496, 0.05139016108224725, 0.04869251483121065, 0.0574598651470796, 0.05314363114542104, 0.0561110420215613, 0.05516686583369849, 0.05961798214790888, 0.05462733658349117, 0.05678545358432045, 0.042757693078930126, 0.05503198352114666, 0.048827397143762476, 0.04154375226596366, 0.04194839920361915, 0.049636691019073455, 0.044376280829552084, 0.045455339329966725, 0.04869251483121065, 0.04896227945631431, 0.04370186926679293, 0.04639951551782954, 0.04113910532830817, 0.03763216520196058, 0.04140886995341182, 0.03803681213961607, 0.040599576078100844, 0.043566986954241105, 0.03426010738816483, 0.034125225075613004, 0.042487928453826464]","[52.5, 57.5, 62.5, 67.5, 72.5, 77.5, 82.5, 87.5, 92.5, 97.5, 102.5, 107.5, 112.5, 117.5, 122.5, 127.5, 132.5, 137.5, 142.5, 147.5, 152.5, 157.5, 162.5, 167.5, 172.5, 177.5, 182.5, 187.5, 192.5, 197.5, 202.5, 207.5, 212.5, 217.5, 222.5, 227.5, 232.5, 237.5, 242.5, 247.5, 252.5, 257.5, 262.5, 267.5, 272.5, 277.5, 282.5, 287.5, 292.5, 297.5, 302.5, 307.5, 312.5, 317.5, 322.5, 327.5, 332.5, 337.5, 342.5, 347.5, 352.5, 357.5, 362.5, 367.5, 372.5, 377.5, 382.5, 387.5, 392.5, 397.5, 402.5, 407.5, 412.5, 417.5, 422.5, 427.5, 432.5, 437.5, 442.5, 447.5, 452.5, 457.5, 462.5, 467.5, 472.5, 477.5, 482.5, 487.5, 492.5, 497.5, 502.5, 507.5, 512.5, 517.5, 522.5, 527.5, 532.5, 537.5, 542.5, 547.5, 552.5, 557.5, 562.5, 567.5, 572.5, 577.5, 582.5, 587.5, 592.5, 597.5, 602.5, 607.5, 612.5, 617.5, 622.5, 627.5, 632.5, 637.5, 642.5, 647.5, 652.5, 657.5, 662.5, 667.5, 672.5, 677.5, 682.5, 687.5, 692.5, 697.5, 702.5, 707.5, 712.5, 717.5, 722.5, 727.5, 732.5, 737.5, 742.5, 747.5, 752.5, 757.5, 762.5, 767.5, 772.5, 777.5, 782.5, 787.5, 792.5, 797.5, 802.5, 807.5, 812.5, 817.5]",0.04941422278928019,14.441216604050181,39.83117059627911,0.26690830942612415
G4,FA_ns,2,"[0.07856151283438613, 0.09306151974179175, 0.0928238147105228, 0.06394265341134606, 0.06275412825500133, 0.06465576850515288, 0.07107380434941439, 0.07891807038128955, 0.07154921441195228, 0.06251642322373238, 0.07844266031875166, 0.05966396284850505, 0.06465576850515288, 0.06322953831753922, 0.08759430402260603, 0.05764347008271902, 0.06049593045794636, 0.05954511033287058, 0.07606561000606221, 0.06156560309865661, 0.07059839428687649, 0.06834019648982152, 0.06358609586444264, 0.08486069616301316, 0.053959042098050386, 0.059188552785967165, 0.08795086156950944, 0.07154921441195228, 0.06227871819246344, 0.07642216755296563, 0.06334839083317369, 0.07547134742788986, 0.05835658517652586, 0.06156560309865661, 0.06037707794231188, 0.07368855969337278, 0.061922160645560026, 0.06477462102078736, 0.06382380089571157, 0.0650123260520563, 0.054077894613684854, 0.0671516713334768, 0.07285659208393147, 0.056454944926374304, 0.047065596191250995, 0.056098387379470885, 0.06394265341134606, 0.05277051694170566, 0.06109019303611872, 0.07677872509986905, 0.05966396284850505, 0.06727052384911127, 0.05895084775469822, 0.057049207504546666, 0.05942625781723611, 0.053959042098050386, 0.046352481097444165, 0.05039346662901622, 0.05170084430099541, 0.047422153738154414, 0.054077894613684854, 0.05752461756708455, 0.04207379053460317, 0.05063117166028516, 0.04825412134759572, 0.056454944926374304, 0.0500369090821128, 0.043618873237851304, 0.045282808456733915, 0.04801641631632678, 0.04278690562841, 0.047065596191250995, 0.03613116475287955, 0.05942625781723611, 0.05181969681662989, 0.0449262509098305, 0.055741829832567466, 0.05170084430099541, 0.05597953486383641, 0.05740576505145008, 0.04872953141013361, 0.04397543078475472, 0.050155761597747275, 0.06667626127093891, 0.04979920405084386, 0.03815165751866558, 0.0585942902077948, 0.058831995239063746, 0.07166806692758675, 0.04647133361307863, 0.054315599644953805, 0.0607336354892153, 0.04932379398830597, 0.05288936945734014, 0.04302461065967894, 0.04754100625378888, 0.05942625781723611, 0.046352481097444165, 0.040172150284451605, 0.04350002072221683, 0.043262315690947885, 0.05181969681662989, 0.05966396284850505, 0.05586068234820194, 0.04563936600363733, 0.03969674022191372, 0.05752461756708455, 0.06346724334880816, 0.04659018612871311, 0.04445084084729261, 0.05110658172282305, 0.04682789115998205, 0.04944264650394044, 0.03708198487795533, 0.03470493456526589, 0.046352481097444165, 0.055385272285664054, 0.04397543078475472, 0.055385272285664054, 0.04136067544079633, 0.05443445216058827, 0.043262315690947885, 0.040172150284451605, 0.0534836320355125, 0.06441806347388394, 0.04777871128505783, 0.05752461756708455, 0.04682789115998205, 0.035180344627803777, 0.051581991785360944, 0.04350002072221683, 0.037319689909224275, 0.024959028283239166, 0.036606574815417445, 0.03779509997176216, 0.03470493456526589, 0.032565589283845384, 0.03779509997176216, 0.03399181947145905, 0.02733607859592861, 0.04136067544079633, 0.04516395594109944, 0.05752461756708455, 0.042549200597141054, 0.042549200597141054, 0.03541804965907272, 0.02900001381481122, 0.027573783627197555, 0.026622963502121774, 0.03993444525318266, 0.026622963502121774, 0.02900001381481122, 0.018065582376439775, 0.02947542387734911]","[52.5, 57.5, 62.5, 67.5, 72.5, 77.5, 82.5, 87.5, 92.5, 97.5, 102.5, 107.5, 112.5, 117.5, 122.5, 127.5, 132.5, 137.5, 142.5, 147.5, 152.5, 157.5, 162.5, 167.5, 172.5, 177.5, 182.5, 187.5, 192.5, 197.5, 202.5, 207.5, 212.5, 217.5, 222.5, 227.5, 232.5, 237.5, 242.5, 247.5, 252.5, 257.5, 262.5, 267.5, 272.5, 277.5, 282.5, 287.5, 292.5, 297.5, 302.5, 307.5, 312.5, 317.5, 322.5, 327.5, 332.5, 337.5, 342.5, 347.5, 352.5, 357.5, 362.5, 367.5, 372.5, 377.5, 382.5, 387.5, 392.5, 397.5, 402.5, 407.5, 412.5, 417.5, 422.5, 427.5, 432.5, 437.5, 442.5, 447.5, 452.5, 457.5, 462.5, 467.5, 472.5, 477.5, 482.5, 487.5, 492.5, 497.5, 502.5, 507.5, 512.5, 517.5, 522.5, 527.5, 532.5, 537.5, 542.5, 547.5, 552.5, 557.5, 562.5, 567.5, 572.5, 577.5, 582.5, 587.5, 592.5, 597.5, 602.5, 607.5, 612.5, 617.5, 622.5, 627.5, 632.5, 637.5, 642.5, 647.5, 652.5, 657.5, 662.5, 667.5, 672.5, 677.5, 682.5, 687.5, 692.5, 697.5, 702.5, 707.5, 712.5, 717.5, 722.5, 727.5, 732.5, 737.5, 742.5, 747.5, 752.5, 757.5, 762.5, 767.5, 772.5, 777.5, 782.5, 787.5, 792.5, 797.5, 802.5, 807.5, 812.5, 817.5]",0.04541709636400923,11.130755595195827,79.77004560044485,0.12721205951609751
G4,FA_ns,3,"[0.07864604301064294, 0.06801819936055606, 0.06734696713002426, 0.06667573489949245, 0.07920540320275278, 0.06667573489949245, 0.06130587705523803, 0.06488578228474098, 0.0709268723595272, 0.0712624884747931, 0.05884469220995475, 0.08189033212487999, 0.07271682497427868, 0.07652047428062557, 0.0644382941310531, 0.07338805720481048, 0.06522139840000687, 0.06622824674580459, 0.06522139840000687, 0.0712624884747931, 0.04821684855986787, 0.05962779647890852, 0.07842229893379901, 0.07685609039589147, 0.05839720405626688, 0.0692487917831977, 0.052691730096746554, 0.05985154055575245, 0.09274191985181081, 0.06578075859211671, 0.07036751216741738, 0.06868943159108787, 0.07763919466484524, 0.06152962113208196, 0.059515924440486555, 0.06063464482470623, 0.07238120885901278, 0.07663234631904754, 0.07484239370429606, 0.051908625827792786, 0.060522772786284255, 0.08759580608440032, 0.06947253586004164, 0.07909353116433081, 0.08647708570018064, 0.0760729861269377, 0.06936066382161966, 0.06287208559314557, 0.0754017538964059, 0.06801819936055606, 0.05985154055575245, 0.061977109285769834, 0.05973966851733049, 0.06824194343739999, 0.05011867321304131, 0.0552647869804518, 0.0695844078984636, 0.07103874439794917, 0.07484239370429606, 0.050678033405151146, 0.06913691974477573, 0.06555701451527278, 0.060746516863128194, 0.05179675378937081, 0.05727848367204721, 0.05325109028885639, 0.05347483436570032, 0.05504104290360787, 0.04251137460034754, 0.03937895752453246, 0.04765748836775803, 0.057502227748891147, 0.051013649520417044, 0.055600403095717704, 0.05056616136672918, 0.05627163532624951, 0.05045428932830721, 0.053139218250434425, 0.04620315186827246, 0.05280360213516852, 0.045867535753006554, 0.051013649520417044, 0.06980815197530754, 0.04542004759931868, 0.05571227513413967, 0.05671912347993737, 0.05850907609468885, 0.0484405926367118, 0.04888808079039967, 0.06119400501681606, 0.05985154055575245, 0.051908625827792786, 0.061977109285769834, 0.04441319925352098, 0.03859585325557868, 0.044636943330364914, 0.044189455176677044, 0.04721000021407016, 0.04284699071561344, 0.06141774909366, 0.05134926563568295, 0.04351822294614524, 0.05179675378937081, 0.055824147172561636, 0.05649537940309344, 0.05627163532624951, 0.05448168271149803, 0.04307073479245738, 0.04105703810086196, 0.0406095499471741, 0.031883530950260655, 0.041728270331393764, 0.03613466841029541, 0.03669402860240524, 0.040497677908752125, 0.033114123372902295, 0.03423284375712197, 0.03647028452556131, 0.04542004759931868, 0.043406350907723275, 0.04139265421612787, 0.04251137460034754, 0.054369810673076065, 0.04206388644665967, 0.05034241728988524, 0.0481049765214459, 0.0474337442909141, 0.04184014236981574, 0.035575308218185574, 0.05011867321304131, 0.029757962220243277, 0.04564379167616262, 0.030876682604462947, 0.02886298591286754, 0.03199540298868262, 0.03042919445077508, 0.030652938527619016, 0.025506824760208522, 0.029086729989711475, 0.03602279637187344, 0.023045639914925243, 0.025506824760208522, 0.03423284375712197, 0.029086729989711475, 0.035575308218185574, 0.027073033298116063, 0.02483559252967672, 0.03400909968027803, 0.03602279637187344, 0.02237440768439344, 0.03490407598765377, 0.03893146937084459, 0.01879450245489049, 0.029534218143399342]","[52.5, 57.5, 62.5, 67.5, 72.5, 77.5, 82.5, 87.5, 92.5, 97.5, 102.5, 107.5, 112.5, 117.5, 122.5, 127.5, 132.5, 137.5, 142.5, 147.5, 152.5, 157.5, 162.5, 167.5, 172.5, 177.5, 182.5, 187.5, 192.5, 197.5, 202.5, 207.5, 212.5, 217.5, 222.5, 227.5, 232.5, 237.5, 242.5, 247.5, 252.5, 257.5, 262.5, 267.5, 272.5, 277.5, 282.5, 287.5, 292.5, 297.5, 302.5, 307.5, 312.5, 317.5, 322.5, 327.5, 332.5, 337.5, 342.5, 347.5, 352.5, 357.5, 362.5, 367.5, 372.5, 377.5, 382.5, 387.5, 392.5, 397.5, 402.5, 407.5, 412.5, 417.5, 422.5, 427.5, 432.5, 437.5, 442.5, 447.5, 452.5, 457.5, 462.5, 467.5, 472.5, 477.5, 482.5, 487.5, 492.5, 497.5, 502.5, 507.5, 512.5, 517.5, 522.5, 527.5, 532.5, 537.5, 542.5, 547.5, 552.5, 557.5, 562.5, 567.5, 572.5, 577.5, 582.5, 587.5, 592.5, 597.5, 602.5, 607.5, 612.5, 617.5, 622.5, 627.5, 632.5, 637.5, 642.5, 647.5, 652.5, 657.5, 662.5, 667.5, 672.5, 677.5, 682.5, 687.5, 692.5, 697.5, 702.5, 707.5, 712.5, 717.5, 722.5, 727.5, 732.5, 737.5, 742.5, 747.5, 752.5, 757.5, 762.5, 767.5, 772.5, 777.5, 782.5, 787.5, 792.5, 797.5, 802.5, 807.5, 812.5, 817.5]",0.04222515652802121,11.085682267460705,76.54791094794845,0.13666568384097424
GN4,FAT_ns,1,"[0.08266297743916658, 0.09540213492122991, 0.08903255618019824, 0.07728422205785095, 0.06794217323767116, 0.07785040683483153, 0.0768595834751155, 0.07855813780605728, 0.06879145040314205, 0.08988183334566914, 0.07827504541756698, 0.07501948294992856, 0.0760103063096446, 0.07516102914417372, 0.07572721392115431, 0.07020691234559354, 0.06680980368370998, 0.07374556720172223, 0.0727547438420062, 0.0653943417412585, 0.08322916221614717, 0.07629339869813491, 0.07332092861898679, 0.06496970315852305, 0.06270496405060068, 0.06992381995710323, 0.06794217323767116, 0.06341269502182642, 0.059590947777207415, 0.06468661077003275, 0.06666825748946482, 0.05973249397145256, 0.06256341785635552, 0.05279673045344029, 0.06369578741031671, 0.06114795591390404, 0.058741670611736525, 0.060015586359942856, 0.07034845853983868, 0.06199723307937493, 0.056335385309569004, 0.052938276647685446, 0.07049000473408383, 0.07034845853983868, 0.06100640971965889, 0.04798415984910526, 0.059307855388717114, 0.05775084725202048, 0.0642619721872973, 0.06780062704342601, 0.07289629003625135, 0.0560522929210787, 0.057892393446265636, 0.052938276647685446, 0.057609301057775335, 0.06907454279163235, 0.06228032546786523, 0.05123972231674367, 0.06765908084918086, 0.05562765433834326, 0.06751753465493571, 0.05647693150381415, 0.059307855388717114, 0.04784261365486011, 0.054353738590136924, 0.050248898957027624, 0.0694991813743678, 0.04755952126636981, 0.04671024410089892, 0.0686499042088969, 0.04331313543901536, 0.05746775486353019, 0.05251363806495, 0.045577874546937736, 0.05364600761891118, 0.06100640971965889, 0.05039044515127278, 0.048125706043350404, 0.0484087984318407, 0.048691890820331, 0.04954116798580189, 0.0519474532879694, 0.0519474532879694, 0.049682714180047036, 0.05251363806495, 0.04288849685627992, 0.03807592625194488, 0.04444550499297655, 0.03680201050373855, 0.03892520341741577, 0.03666046430949339, 0.04359622782750566, 0.04571942074118288, 0.03793438005769973, 0.041897673496563884, 0.047701067460614956, 0.03482036378430647, 0.05336291523042089, 0.03453727139581617, 0.03892520341741577, 0.031989439899403505, 0.02576140735261698, 0.03057397795695202, 0.036094279532512805, 0.036943556697983694, 0.030149339374216575, 0.03425417900732588, 0.03269717087062925, 0.03538654856128706, 0.0243459454101655, 0.03057397795695202, 0.026186045935352426, 0.03071552415119717, 0.02972470079148113, 0.022222752496488276, 0.030857070345442317, 0.024487491604410647, 0.02165656771950768, 0.023779760633184904, 0.019816467194320755, 0.02080729055403679, 0.0202411057770562, 0.018401005251869273, 0.015145442784230863, 0.01302224987055364, 0.012031426510837601, 0.012031426510837601, 0.01288070367630849, 0.014013073230269676, 0.010332872179895822, 0.006228032546786523, 0.007360402100747709, 0.00651112493527682, 0.00651112493527682, 0.0066526711295219676, 0.003963293438864151, 0.003538654856128706, 0.0018401005251869273, 0.0018401005251869273, 0.0021231929136772236, 0.0015570081366966307, 0.0004246385827354447, 0.0002830923884902965, 0.0004246385827354447, 0.000566184776980593, 0.0008492771654708894, 0.0021231929136772236, 0.0, 0.0, 0.0, 0.0, 0.0, 0.0, 0.0]","[52.5, 57.5, 62.5, 67.5, 72.5, 77.5, 82.5, 87.5, 92.5, 97.5, 102.5, 107.5, 112.5, 117.5, 122.5, 127.5, 132.5, 137.5, 142.5, 147.5, 152.5, 157.5, 162.5, 167.5, 172.5, 177.5, 182.5, 187.5, 192.5, 197.5, 202.5, 207.5, 212.5, 217.5, 222.5, 227.5, 232.5, 237.5, 242.5, 247.5, 252.5, 257.5, 262.5, 267.5, 272.5, 277.5, 282.5, 287.5, 292.5, 297.5, 302.5, 307.5, 312.5, 317.5, 322.5, 327.5, 332.5, 337.5, 342.5, 347.5, 352.5, 357.5, 362.5, 367.5, 372.5, 377.5, 382.5, 387.5, 392.5, 397.5, 402.5, 407.5, 412.5, 417.5, 422.5, 427.5, 432.5, 437.5, 442.5, 447.5, 452.5, 457.5, 462.5, 467.5, 472.5, 477.5, 482.5, 487.5, 492.5, 497.5, 502.5, 507.5, 512.5, 517.5, 522.5, 527.5, 532.5, 537.5, 542.5, 547.5, 552.5, 557.5, 562.5, 567.5, 572.5, 577.5, 582.5, 587.5, 592.5, 597.5, 602.5, 607.5, 612.5, 617.5, 622.5, 627.5, 632.5, 637.5, 642.5, 647.5, 652.5, 657.5, 662.5, 667.5, 672.5, 677.5, 682.5, 687.5, 692.5, 697.5, 702.5, 707.5, 712.5, 717.5, 722.5, 727.5, 732.5, 737.5, 742.5, 747.5, 752.5, 757.5, 762.5, 767.5, 772.5, 777.5, 782.5, 787.5, 792.5, 797.5, 802.5, 807.5, 812.5, 817.5]",0.023338577690083143,14.181711298376507,304.881546727708,0.24792135813513486
GN4,FAT_ns,2,"[0.10763605613423927, 0.12844302609327438, 0.1298434952251325, 0.11463840179352992, 0.1198401442832887, 0.1382463100162813, 0.13314460103594095, 0.11533863635945898, 0.12394151816944465, 0.12194084798107589, 0.10583545296470738, 0.13874647756337347, 0.11663907198189868, 0.10763605613423927, 0.10203417960680673, 0.10303451470099112, 0.09283109674031044, 0.09423156587216858, 0.106435654021218, 0.12404155167886309, 0.1024343136444805, 0.12364141764118934, 0.10743598911540239, 0.0940314988533317, 0.12444168571653684, 0.10883645824726051, 0.10443498383284924, 0.11243766458632429, 0.09303116375914731, 0.11803954111375681, 0.10663572104005488, 0.10663572104005488, 0.10943665930377115, 0.1098367933414449, 0.11003686036028178, 0.09763270519239546, 0.09203082866496294, 0.08282774579846665, 0.09783277221123234, 0.0832278798361404, 0.09763270519239546, 0.09803283923006922, 0.08302781281730352, 0.09023022549543105, 0.07462499802615473, 0.08262767877962977, 0.07842627138405538, 0.08222754474195602, 0.08222754474195602, 0.0666223172726797, 0.0840281479114879, 0.0890298233824098, 0.07282439485662284, 0.07562533312033912, 0.08202747772311914, 0.07862633840289225, 0.0682228534233747, 0.06342124497128968, 0.06302111093361593, 0.05801943546269403, 0.057619301425020274, 0.07862633840289225, 0.0748250650449916, 0.08382808089265102, 0.06602211621616906, 0.051617290859914, 0.0748250650449916, 0.07622553417684974, 0.06442158006547406, 0.06282104391477905, 0.060020105651062784, 0.057219167387346524, 0.05281769297293525, 0.05421816210479338, 0.05221749191642462, 0.06802278640453782, 0.05461829614246714, 0.06082037372641029, 0.061020440745247165, 0.04561528029480772, 0.05061695576572962, 0.04461494520062334, 0.040413537805048944, 0.03561192935296392, 0.03201072301390015, 0.03721246550365893, 0.03641219742831142, 0.024808310335772618, 0.01820609871415571, 0.01820609871415571, 0.01780596467648196, 0.012804289205560062, 0.00940314988533317, 0.010603551998354426, 0.010203417960680673, 0.01140382007370193, 0.00840281479114879, 0.007002345659290659, 0.00840281479114879, 0.008602881809985667, 0.004801608452085023, 0.009203082866496294, 0.005601876527432527, 0.0018006031695318836, 0.0022007372072056354, 0.003401139320226891, 0.0032010723013900155, 0.0026008712448793874, 0.0028009382637162634, 0.0022007372072056354, 0.003601206339063767, 0.0032010723013900155, 0.0010003350941843797, 0.0, 0.0, 0.0, 0.0, 0.0, 0.0, 0.0, 0.0, 0.0, 0.0, 0.0, 0.0018006031695318836, 0.003601206339063767, 0.0032010723013900155, 0.0024008042260425114, 0.0020006701883687594, 0.0010003350941843797, 0.0008002680753475039, 0.0008002680753475039, 0.0012004021130212557, 0.0018006031695318836, 0.0014004691318581317, 0.0008002680753475039, 0.0026008712448793874, 0.0028009382637162634, 0.0024008042260425114, 0.0026008712448793874, 0.0032010723013900155, 0.0014004691318581317, 0.0020006701883687594, 0.0010003350941843797, 0.0008002680753475039, 0.0016005361506950077, 0.0030010052825531395, 0.0018006031695318836, 0.0022007372072056354, 0.0014004691318581317, 0.0016005361506950077, 0.0020006701883687594, 0.0014004691318581317, 0.0012004021130212557]","[52.5, 57.5, 62.5, 67.5, 72.5, 77.5, 82.5, 87.5, 92.5, 97.5, 102.5, 107.5, 112.5, 117.5, 122.5, 127.5, 132.5, 137.5, 142.5, 147.5, 152.5, 157.5, 162.5, 167.5, 172.5, 177.5, 182.5, 187.5, 192.5, 197.5, 202.5, 207.5, 212.5, 217.5, 222.5, 227.5, 232.5, 237.5, 242.5, 247.5, 252.5, 257.5, 262.5, 267.5, 272.5, 277.5, 282.5, 287.5, 292.5, 297.5, 302.5, 307.5, 312.5, 317.5, 322.5, 327.5, 332.5, 337.5, 342.5, 347.5, 352.5, 357.5, 362.5, 367.5, 372.5, 377.5, 382.5, 387.5, 392.5, 397.5, 402.5, 407.5, 412.5, 417.5, 422.5, 427.5, 432.5, 437.5, 442.5, 447.5, 452.5, 457.5, 462.5, 467.5, 472.5, 477.5, 482.5, 487.5, 492.5, 497.5, 502.5, 507.5, 512.5, 517.5, 522.5, 527.5, 532.5, 537.5, 542.5, 547.5, 552.5, 557.5, 562.5, 567.5, 572.5, 577.5, 582.5, 587.5, 592.5, 597.5, 602.5, 607.5, 612.5, 617.5, 622.5, 627.5, 632.5, 637.5, 642.5, 647.5, 652.5, 657.5, 662.5, 667.5, 672.5, 677.5, 682.5, 687.5, 692.5, 697.5, 702.5, 707.5, 712.5, 717.5, 722.5, 727.5, 732.5, 737.5, 742.5, 747.5, 752.5, 757.5, 762.5, 767.5, 772.5, 777.5, 782.5, 787.5, 792.5, 797.5, 802.5, 807.5, 812.5, 817.5]",0.009242056961074904,9.526964934139409,649.7677104302968,0.15636754377847015
GN4,FAT_ns,3,"[0.06241177823321086, 0.049789171399527765, 0.06771015641031242, 0.06085343171053394, 0.05602255749023547, 0.054308376315290854, 0.053217533749417005, 0.05462004561982624, 0.05150335257447239, 0.05477588027209393, 0.05423045898915701, 0.060308010427597016, 0.03786782050104929, 0.045036214505363145, 0.054697962945960084, 0.050100840704063156, 0.048854163485921615, 0.05602255749023547, 0.03763406852264775, 0.044179123917890833, 0.04760748626778007, 0.05500963225049547, 0.047217899637110844, 0.05516546690276316, 0.04433495857015853, 0.06147677031960471, 0.056490061447038546, 0.05750298668677855, 0.05843799460038471, 0.0687230816500524, 0.06077551438440009, 0.057191317382243166, 0.052204608509677, 0.04519204915763084, 0.054853797598227776, 0.0668530658228401, 0.05189293920514162, 0.046127057071236995, 0.055944640164101625, 0.06420387673428933, 0.05080209663926777, 0.05999634112306163, 0.05578880551183393, 0.052204608509677, 0.05999634112306163, 0.05937300251399086, 0.051737104552873926, 0.0648272153433601, 0.06560638860469856, 0.04643872637577238, 0.05391878968462162, 0.06622972721376934, 0.05656797877317239, 0.05812632529584932, 0.05890549855718778, 0.07059309747726472, 0.06654139651830472, 0.06295719951614778, 0.0670089004751078, 0.05734715203451086, 0.06638556186603703, 0.048152907550716995, 0.06576222325696625, 0.055944640164101625, 0.06498304999562779, 0.052672112466480084, 0.040828678894135446, 0.052204608509677, 0.06498304999562779, 0.06373637277748626, 0.06420387673428933, 0.05687964807770778, 0.06794390838871395, 0.04550371846216622, 0.055944640164101625, 0.06046384507986471, 0.0648272153433601, 0.04955541942112623, 0.05064626198700008, 0.05765882133904624, 0.050490427334732385, 0.04363370263495391, 0.04254286006908006, 0.057035482729975474, 0.043010364025883145, 0.04690623033257545, 0.05002292337792931, 0.049399584768858536, 0.04706206498484315, 0.04020534028506468, 0.046282891723504686, 0.03568613536930159, 0.04098451354640314, 0.043945371939489296, 0.03599780467383698, 0.03724448189197852, 0.033348615585286207, 0.029141079974058508, 0.024621875058295422, 0.02805023740818466, 0.02695939484231081, 0.035218631412498515, 0.021349347360673877, 0.022284355274280035, 0.02384270179695696, 0.021037678056138494, 0.023063528535618497, 0.011999268224612326, 0.014180953356360021, 0.021505182012941573, 0.01714181174944618, 0.020881843403870802, 0.016830142444910795, 0.01854432361985541, 0.016206803835840024, 0.014804291965430792, 0.017609315706249257, 0.013245945442753867, 0.013713449399556944, 0.012934276138218482, 0.01651847314037541, 0.015427630574501562, 0.011064260311006172, 0.014336788008627714, 0.01402511870409233, 0.013557614747289252, 0.016206803835840024, 0.013557614747289252, 0.012466772181415404, 0.010596756354203093, 0.00919424448379386, 0.009350079136061553, 0.007168394004313857, 0.008103401917920012, 0.013713449399556944, 0.011531764267809249, 0.011531764267809249, 0.0074800633088492425, 0.01168759892007694, 0.013401780095021559, 0.013557614747289252, 0.00732422865658155, 0.010752591006470786, 0.008882575179258475, 0.005142543524833854, 0.006233386090707702, 0.006700890047510779, 0.00794756726565232, 0.007791732613384627, 0.007168394004313857, 0.005921716786172317, 0.005921716786172317, 0.00607755143844001, 0.0029608583930861585]","[52.5, 57.5, 62.5, 67.5, 72.5, 77.5, 82.5, 87.5, 92.5, 97.5, 102.5, 107.5, 112.5, 117.5, 122.5, 127.5, 132.5, 137.5, 142.5, 147.5, 152.5, 157.5, 162.5, 167.5, 172.5, 177.5, 182.5, 187.5, 192.5, 197.5, 202.5, 207.5, 212.5, 217.5, 222.5, 227.5, 232.5, 237.5, 242.5, 247.5, 252.5, 257.5, 262.5, 267.5, 272.5, 277.5, 282.5, 287.5, 292.5, 297.5, 302.5, 307.5, 312.5, 317.5, 322.5, 327.5, 332.5, 337.5, 342.5, 347.5, 352.5, 357.5, 362.5, 367.5, 372.5, 377.5, 382.5, 387.5, 392.5, 397.5, 402.5, 407.5, 412.5, 417.5, 422.5, 427.5, 432.5, 437.5, 442.5, 447.5, 452.5, 457.5, 462.5, 467.5, 472.5, 477.5, 482.5, 487.5, 492.5, 497.5, 502.5, 507.5, 512.5, 517.5, 522.5, 527.5, 532.5, 537.5, 542.5, 547.5, 552.5, 557.5, 562.5, 567.5, 572.5, 577.5, 582.5, 587.5, 592.5, 597.5, 602.5, 607.5, 612.5, 617.5, 622.5, 627.5, 632.5, 637.5, 642.5, 647.5, 652.5, 657.5, 662.5, 667.5, 672.5, 677.5, 682.5, 687.5, 692.5, 697.5, 702.5, 707.5, 712.5, 717.5, 722.5, 727.5, 732.5, 737.5, 742.5, 747.5, 752.5, 757.5, 762.5, 767.5, 772.5, 777.5, 782.5, 787.5, 792.5, 797.5, 802.5, 807.5, 812.5, 817.5]",0.02220947368812543,15.557703584699302,118.45824139821055,0.21610725599637953
GN4,FA_ns,1,"[0.10858535637986044, 0.10489487367936845, 0.10397225300424545, 0.09446216296836225, 0.10851438555869714, 0.07721625342567853, 0.08693925592505167, 0.09034585534089042, 0.09034585534089042, 0.10766273570473744, 0.09467507543185218, 0.08175838598013022, 0.09353954229323926, 0.07792596163731161, 0.08374556897270283, 0.07409353729449301, 0.0844552771843359, 0.07934537806057776, 0.08743605167319482, 0.08701022674621497, 0.09098459273136018, 0.08679731428272505, 0.08452624800549921, 0.08452624800549921, 0.07239023758657363, 0.09084265108903357, 0.08275197747641652, 0.08488110211131575, 0.08417139389968267, 0.07608072028706561, 0.07437742057914624, 0.09666225842442479, 0.09133944683717672, 0.08225518172827337, 0.09148138847950334, 0.09857847059583409, 0.06316403083534365, 0.08204226926478345, 0.09843652895350748, 0.07373868318867648, 0.07899052395476122, 0.09630740431860825, 0.0835326565092129, 0.08708119756737828, 0.07998411545104753, 0.07799693245847492, 0.07288703333471679, 0.07700334096218861, 0.0843843063631726, 0.07345479990402325, 0.07345479990402325, 0.07842275738545476, 0.06678354271467234, 0.06990625884585787, 0.07764207835265838, 0.07608072028706561, 0.07267412087122686, 0.06983528802469456, 0.06415762233162996, 0.07125470444796071, 0.07792596163731161, 0.06671257189350903, 0.0702611129516744, 0.0769323701410253, 0.057628306784605676, 0.059189664850198435, 0.07082887952098087, 0.06415762233162996, 0.07139664609028733, 0.06387373904697673, 0.058054131711585515, 0.0627382059083638, 0.05933160649252505, 0.05904772320787182, 0.0674222801051421, 0.058054131711585515, 0.05578306543435968, 0.06444150561628319, 0.05748636514227906, 0.054221707368766914, 0.05876383992321859, 0.05109899123758138, 0.04811821674872247, 0.04953763317198862, 0.04982151645664185, 0.05251840766084753, 0.04613103375614986, 0.04116307627471834, 0.04584715047149663, 0.03548541058165374, 0.0388920099974925, 0.02923997831928268, 0.030517453100222216, 0.0502473413836217, 0.03789841850120619, 0.042724434340311104, 0.030517453100222216, 0.03718871028957312, 0.036195118793286817, 0.0303755114578956, 0.035911235508633586, 0.028814153392302838, 0.038040360143532806, 0.03789841850120619, 0.0332143443044279, 0.03406599415838759, 0.038324243428186036, 0.03207881116581498, 0.032504636092794824, 0.0332143443044279, 0.037472593574226346, 0.027536678611363302, 0.026826970399730227, 0.021575129633645475, 0.022852604414585007, 0.032504636092794824, 0.02455590412250439, 0.02512367069181085, 0.018878238429439788, 0.023988137553197928, 0.033356285946754514, 0.022994546056911622, 0.02640114547275038, 0.02554949561879069, 0.02554949561879069, 0.02668502875740361, 0.01575552229825426, 0.021291246348992245, 0.0208654214220124, 0.021291246348992245, 0.02512367069181085, 0.01575552229825426, 0.016181347225234104, 0.01490387244429457, 0.009510090035883201, 0.013058631094048576, 0.010787564816822737, 0.010077856605189662, 0.012490864524742117, 0.010361739889842892, 0.006103490620044443, 0.009793973320536432, 0.010929506459149353, 0.007948731970290437, 0.008942323466576743, 0.008800381824250128, 0.009226206751229973, 0.006955140474004133, 0.009510090035883201, 0.010077856605189662, 0.005961548977717828, 0.005819607335391213, 0.006671257189350903, 0.005393782408411369]","[52.5, 57.5, 62.5, 67.5, 72.5, 77.5, 82.5, 87.5, 92.5, 97.5, 102.5, 107.5, 112.5, 117.5, 122.5, 127.5, 132.5, 137.5, 142.5, 147.5, 152.5, 157.5, 162.5, 167.5, 172.5, 177.5, 182.5, 187.5, 192.5, 197.5, 202.5, 207.5, 212.5, 217.5, 222.5, 227.5, 232.5, 237.5, 242.5, 247.5, 252.5, 257.5, 262.5, 267.5, 272.5, 277.5, 282.5, 287.5, 292.5, 297.5, 302.5, 307.5, 312.5, 317.5, 322.5, 327.5, 332.5, 337.5, 342.5, 347.5, 352.5, 357.5, 362.5, 367.5, 372.5, 377.5, 382.5, 387.5, 392.5, 397.5, 402.5, 407.5, 412.5, 417.5, 422.5, 427.5, 432.5, 437.5, 442.5, 447.5, 452.5, 457.5, 462.5, 467.5, 472.5, 477.5, 482.5, 487.5, 492.5, 497.5, 502.5, 507.5, 512.5, 517.5, 522.5, 527.5, 532.5, 537.5, 542.5, 547.5, 552.5, 557.5, 562.5, 567.5, 572.5, 577.5, 582.5, 587.5, 592.5, 597.5, 602.5, 607.5, 612.5, 617.5, 622.5, 627.5, 632.5, 637.5, 642.5, 647.5, 652.5, 657.5, 662.5, 667.5, 672.5, 677.5, 682.5, 687.5, 692.5, 697.5, 702.5, 707.5, 712.5, 717.5, 722.5, 727.5, 732.5, 737.5, 742.5, 747.5, 752.5, 757.5, 762.5, 767.5, 772.5, 777.5, 782.5, 787.5, 792.5, 797.5, 802.5, 807.5, 812.5, 817.5]",0.027453725703510082,12.838800014350664,79.40037472236953,0.24689309107361365
GN4,FA_ns,2,"[0.1067563939498188, 0.0994315026861086, 0.10597715019836026, 0.10005489768727543, 0.1032497970682554, 0.08821039266510575, 0.0942884939264823, 0.11797750397082166, 0.10566545269777686, 0.09008057766860622, 0.09841848580921252, 0.09717169580687886, 0.09514566205308668, 0.10184715831563006, 0.09795093955833739, 0.10332772144340126, 0.09397679642589889, 0.09397679642589889, 0.08524926640956333, 0.08774284641423064, 0.07776852639556144, 0.09304170392414865, 0.08914548516685598, 0.08306738390547945, 0.08400247640722969, 0.09787301518319154, 0.0871194514130638, 0.08774284641423064, 0.08337908140606286, 0.0771451313943946, 0.09210661142239841, 0.09023642641889794, 0.07854777014701997, 0.08587266141073016, 0.09241830892298182, 0.08914548516685598, 0.08618435891131357, 0.0969379226814413, 0.09397679642589889, 0.07636588764293607, 0.09491188892764912, 0.0868077539124804, 0.08587266141073016, 0.07231382013535172, 0.07932701389847849, 0.0743398538891439, 0.07371645888797707, 0.06670326512485028, 0.0769892826441029, 0.0868077539124804, 0.08634020766160527, 0.07589834139206096, 0.07558664389147754, 0.06233950011668251, 0.0720021226347683, 0.07621003889264437, 0.05485876010268061, 0.06358629011901616, 0.06670326512485028, 0.06763835762660052, 0.06670326512485028, 0.04940405384247089, 0.04846896134072065, 0.05828743260909815, 0.04441689383313629, 0.05143008759626307, 0.057040642606764495, 0.05345612135005525, 0.05127423884597136, 0.06795005512718394, 0.04768971758926212, 0.0497157513430543, 0.06810590387747564, 0.05314442384947184, 0.06078101261376545, 0.057196491357056206, 0.05361197010034696, 0.05143008759626307, 0.04394934758226117, 0.04129991882730216, 0.041923313828468985, 0.04566368383546994, 0.047066322588095295, 0.0497157513430543, 0.03787124632088462, 0.052053482597429895, 0.043170103830802636, 0.040832372576427044, 0.042079162578760695, 0.03833879257175974, 0.045351986334886525, 0.0322606913103832, 0.028520321303382248, 0.03600106131738415, 0.03163729630921638, 0.04020897757526022, 0.03335163256242514, 0.026182590049006655, 0.022753917542589115, 0.020260337537921815, 0.02929956505484078, 0.02384485879463106, 0.02135127878996376, 0.026182590049006655, 0.022442220042005703, 0.02337731254375594, 0.016987513781795985, 0.01761090878296281, 0.021974673791130585, 0.023221463793464237, 0.02587089254842324, 0.023533161294047648, 0.01636411878062916, 0.02010448878763011, 0.02384485879463106, 0.027429380051340303, 0.02384485879463106, 0.024312405045506177, 0.016519967530920866, 0.014961480028003802, 0.019636942536754992, 0.017922606283546222, 0.020260337537921815, 0.012156202522753089, 0.014026387526253565, 0.020260337537921815, 0.01667581628121257, 0.014961480028003802, 0.012779597523919915, 0.012156202522753089, 0.011844505022169678, 0.010130168768960907, 0.013714690025670152, 0.012156202522753089, 0.010753563770127733, 0.012000353772461383, 0.011532807521586265, 0.013714690025670152, 0.014026387526253565, 0.013870538775961859, 0.011376958771294557, 0.010286017519252615, 0.013247143774795033, 0.010909412520419439, 0.011065261270711146, 0.013247143774795033, 0.008883378766627257, 0.010753563770127733, 0.009350925017502376, 0.009506773767794083, 0.007013193763126782, 0.007636588764293607, 0.006545647512251664, 0.01044186626954432]","[52.5, 57.5, 62.5, 67.5, 72.5, 77.5, 82.5, 87.5, 92.5, 97.5, 102.5, 107.5, 112.5, 117.5, 122.5, 127.5, 132.5, 137.5, 142.5, 147.5, 152.5, 157.5, 162.5, 167.5, 172.5, 177.5, 182.5, 187.5, 192.5, 197.5, 202.5, 207.5, 212.5, 217.5, 222.5, 227.5, 232.5, 237.5, 242.5, 247.5, 252.5, 257.5, 262.5, 267.5, 272.5, 277.5, 282.5, 287.5, 292.5, 297.5, 302.5, 307.5, 312.5, 317.5, 322.5, 327.5, 332.5, 337.5, 342.5, 347.5, 352.5, 357.5, 362.5, 367.5, 372.5, 377.5, 382.5, 387.5, 392.5, 397.5, 402.5, 407.5, 412.5, 417.5, 422.5, 427.5, 432.5, 437.5, 442.5, 447.5, 452.5, 457.5, 462.5, 467.5, 472.5, 477.5, 482.5, 487.5, 492.5, 497.5, 502.5, 507.5, 512.5, 517.5, 522.5, 527.5, 532.5, 537.5, 542.5, 547.5, 552.5, 557.5, 562.5, 567.5, 572.5, 577.5, 582.5, 587.5, 592.5, 597.5, 602.5, 607.5, 612.5, 617.5, 622.5, 627.5, 632.5, 637.5, 642.5, 647.5, 652.5, 657.5, 662.5, 667.5, 672.5, 677.5, 682.5, 687.5, 692.5, 697.5, 702.5, 707.5, 712.5, 717.5, 722.5, 727.5, 732.5, 737.5, 742.5, 747.5, 752.5, 757.5, 762.5, 767.5, 772.5, 777.5, 782.5, 787.5, 792.5, 797.5, 802.5, 807.5, 812.5, 817.5]",0.02285511802979152,12.663789795016768,92.88610338514349,0.21600154925570603
GN4,FA_ns,3,"[0.0644098446547219, 0.08432486626105652, 0.06405101543658974, 0.06692164918164699, 0.07912184259814027, 0.0861190123517173, 0.0688055025768408, 0.07831447685734293, 0.07705857459388038, 0.06611428344084964, 0.07033052675390246, 0.07284233128082755, 0.07732769650747949, 0.06512750309098621, 0.08253072017039575, 0.06512750309098621, 0.05848916255554133, 0.057950918728343105, 0.0724835020626954, 0.07050994136296854, 0.06135979630059858, 0.07230408745362932, 0.08809257305144416, 0.08647784156984946, 0.06745989300884522, 0.07176584362643108, 0.08037774486160282, 0.07481589198055441, 0.08952788992397279, 0.09993393724980529, 0.0886308168786424, 0.0796600864253385, 0.07302174588989363, 0.08181306173413144, 0.06638340535444875, 0.0644098446547219, 0.057053845683012715, 0.07499530658962049, 0.07714828189841341, 0.06584516152725052, 0.07320116049895971, 0.08271013477946183, 0.07607179424401696, 0.08109540329786713, 0.07822476955280988, 0.08199247634319752, 0.08199247634319752, 0.07553355041681872, 0.0676393076179113, 0.08306896399759399, 0.06943345370857208, 0.07391881893522402, 0.06656281996351483, 0.06566574691818444, 0.07355998971709186, 0.06620399074538268, 0.05938623560087172, 0.06189804012779681, 0.053824382719823316, 0.07553355041681872, 0.05741267490114487, 0.07140701440829893, 0.05813033333740918, 0.05687443107394664, 0.06064213786433427, 0.05974506481900388, 0.037497653294810245, 0.036600580249479854, 0.04072711625799964, 0.04323892078492473, 0.04539189609371766, 0.041444774694263956, 0.03803589712200848, 0.04646838374811413, 0.03390936111348869, 0.03695940946761201, 0.0362417510313477, 0.02996223971403498, 0.03516526337695123, 0.03606233642228162, 0.040547701648933565, 0.0394712139945371, 0.050953748974766074, 0.037497653294810245, 0.045033066875585503, 0.04341833539399081, 0.033371117286290455, 0.03821531173107456, 0.0297828251049689, 0.03390936111348869, 0.038753555558272784, 0.04018887243080141, 0.038753555558272784, 0.03677999485854593, 0.04646838374811413, 0.03067989815029929, 0.04628896913904805, 0.03606233642228162, 0.05274789506542685, 0.028885752059638514, 0.03175638580469575, 0.03983004321266925, 0.034447604940686924, 0.04646838374811413, 0.03498584876788515, 0.036600580249479854, 0.03893297016733886, 0.03911238477640494, 0.03534467798601731, 0.04018887243080141, 0.04718604218437844, 0.034447604940686924, 0.034268190331620846, 0.04090653086706572, 0.04252126234866042, 0.040547701648933565, 0.03606233642228162, 0.03983004321266925, 0.042700676957726495, 0.028706337450572435, 0.03067989815029929, 0.0362417510313477, 0.03067989815029929, 0.03803589712200848, 0.031038727368431444, 0.03839472634014063, 0.0297828251049689, 0.02906516666870459, 0.03211521502282791, 0.025476874487383037, 0.03193580041376183, 0.030859312759365366, 0.024759216051118724, 0.02906516666870459, 0.032474044240960065, 0.024759216051118724, 0.024041557614854416, 0.027091605968977736, 0.02117092386979717, 0.03767706790387632, 0.03283287345909222, 0.023862143005788337, 0.029423995886836744, 0.027271020578043814, 0.02350331378765618, 0.023144484569524025, 0.023323899178590103, 0.02673277675084558, 0.021350338478863248, 0.021529753087929326, 0.021888582306061482, 0.019915021606334626, 0.021529753087929326, 0.016685558643145228]","[52.5, 57.5, 62.5, 67.5, 72.5, 77.5, 82.5, 87.5, 92.5, 97.5, 102.5, 107.5, 112.5, 117.5, 122.5, 127.5, 132.5, 137.5, 142.5, 147.5, 152.5, 157.5, 162.5, 167.5, 172.5, 177.5, 182.5, 187.5, 192.5, 197.5, 202.5, 207.5, 212.5, 217.5, 222.5, 227.5, 232.5, 237.5, 242.5, 247.5, 252.5, 257.5, 262.5, 267.5, 272.5, 277.5, 282.5, 287.5, 292.5, 297.5, 302.5, 307.5, 312.5, 317.5, 322.5, 327.5, 332.5, 337.5, 342.5, 347.5, 352.5, 357.5, 362.5, 367.5, 372.5, 377.5, 382.5, 387.5, 392.5, 397.5, 402.5, 407.5, 412.5, 417.5, 422.5, 427.5, 432.5, 437.5, 442.5, 447.5, 452.5, 457.5, 462.5, 467.5, 472.5, 477.5, 482.5, 487.5, 492.5, 497.5, 502.5, 507.5, 512.5, 517.5, 522.5, 527.5, 532.5, 537.5, 542.5, 547.5, 552.5, 557.5, 562.5, 567.5, 572.5, 577.5, 582.5, 587.5, 592.5, 597.5, 602.5, 607.5, 612.5, 617.5, 622.5, 627.5, 632.5, 637.5, 642.5, 647.5, 652.5, 657.5, 662.5, 667.5, 672.5, 677.5, 682.5, 687.5, 692.5, 697.5, 702.5, 707.5, 712.5, 717.5, 722.5, 727.5, 732.5, 737.5, 742.5, 747.5, 752.5, 757.5, 762.5, 767.5, 772.5, 777.5, 782.5, 787.5, 792.5, 797.5, 802.5, 807.5, 812.5, 817.5]",0.03366470482839859,12.036726541956542,68.17253390048384,0.17928283437787135
PsAe,FAT_ns,1,"[0.00018997659883770104, 0.0007599063953508041, 0.00018997659883770104, 0.0003799531976754021, 0.0003799531976754021, 0.0003799531976754021, 0.0009498829941885052, 0.0018997659883770103, 0.0011398595930262063, 0.0003799531976754021, 0.0005699297965131031, 0.0013298361918639072, 0.0011398595930262063, 0.0003799531976754021, 0.0007599063953508041, 0.0007599063953508041, 0.0005699297965131031, 0.0003799531976754021, 0.0003799531976754021, 0.0009498829941885052, 0.0007599063953508041, 0.0005699297965131031, 0.0005699297965131031, 0.0007599063953508041, 0.0011398595930262063, 0.0009498829941885052, 0.0007599063953508041, 0.0003799531976754021, 0.0003799531976754021, 0.0005699297965131031, 0.0005699297965131031, 0.0003799531976754021, 0.00018997659883770104, 0.0003799531976754021, 0.0009498829941885052, 0.0020897425872147117, 0.0020897425872147117, 0.0028496489825655157, 0.0007599063953508041, 0.0005699297965131031, 0.0032296021802409175, 0.0009498829941885052, 0.0003799531976754021, 0.0014248244912827578, 0.0006649180959319536, 0.0008548946947696547, 0.0008548946947696547, 0.0006649180959319536, 0.0008548946947696547, 0.0008548946947696547, 0.0006649180959319536, 0.0004749414970942526, 0.0004749414970942526, 0.0006649180959319536, 0.0008548946947696547, 0.002374707485471263, 0.003514567078497469, 0.005034379869199078, 0.004844403270361376, 0.0037045436773351704, 0.0044644500726859744, 0.003324590479659768, 0.002184730886633562, 0.002944637281984366, 0.003514567078497469, 0.0018047776889581599, 0.0014248244912827578, 0.0012348478924450567, 0.006934145857576088, 0.005604309665712181, 0.002564684084308964, 0.002184730886633562, 0.002754660683146665, 0.005794286264549882, 0.0038945202761728713, 0.0031346138808220673, 0.0031346138808220673, 0.004084496875010573, 0.0018047776889581599, 0.0016148010901204587, 0.002184730886633562, 0.003324590479659768, 0.002564684084308964, 0.0031346138808220673, 0.0032296021802409175, 0.0036095553779163197, 0.003419578779078619, 0.004559438372104825, 0.004749414970942526, 0.005129368168617928, 0.0037995319767540206, 0.004939391569780227, 0.004369461773267124, 0.004939391569780227, 0.0030396255814032166, 0.004559438372104825, 0.00550932136629333, 0.0072191107558326395, 0.004939391569780227, 0.004559438372104825, 0.0072191107558326395, 0.006079251162806433, 0.009308853343047352, 0.00550932136629333, 0.005699297965131031, 0.0072191107558326395, 0.005889274563968732, 0.005319344767455629, 0.005129368168617928, 0.007029134156994938, 0.005699297965131031, 0.0072191107558326395, 0.007029134156994938, 0.006459204360481835, 0.006649180959319536, 0.007789040552345743, 0.006459204360481835, 0.005319344767455629, 0.00550932136629333, 0.005319344767455629, 0.006079251162806433, 0.00550932136629333, 0.005889274563968732, 0.005699297965131031, 0.0062692277616441345, 0.0062692277616441345, 0.004559438372104825, 0.008928900145371949, 0.006459204360481835, 0.006839157558157238, 0.004939391569780227, 0.006839157558157238, 0.006459204360481835, 0.007979017151183444, 0.006649180959319536, 0.009878783139560454, 0.007979017151183444, 0.010448712936073558, 0.00911887674420965, 0.007599063953508041, 0.006459204360481835, 0.007979017151183444, 0.008168993750021145, 0.005699297965131031, 0.0062692277616441345, 0.007409087354670341, 0.008548946947696546, 0.005699297965131031, 0.007789040552345743, 0.010068759738398155, 0.015198127907016083, 0.004559438372104825, 0.012538455523288269, 0.008548946947696546]","[52.5, 57.5, 62.5, 67.5, 72.5, 77.5, 82.5, 87.5, 92.5, 97.5, 102.5, 107.5, 112.5, 117.5, 122.5, 127.5, 132.5, 137.5, 142.5, 147.5, 152.5, 157.5, 162.5, 167.5, 172.5, 177.5, 182.5, 187.5, 192.5, 197.5, 202.5, 207.5, 212.5, 217.5, 222.5, 227.5, 232.5, 237.5, 242.5, 247.5, 252.5, 257.5, 262.5, 267.5, 272.5, 277.5, 282.5, 287.5, 292.5, 297.5, 302.5, 307.5, 312.5, 317.5, 322.5, 327.5, 332.5, 337.5, 342.5, 347.5, 352.5, 357.5, 362.5, 367.5, 372.5, 377.5, 382.5, 387.5, 392.5, 397.5, 402.5, 407.5, 412.5, 417.5, 422.5, 427.5, 432.5, 437.5, 442.5, 447.5, 452.5, 457.5, 462.5, 467.5, 472.5, 477.5, 482.5, 487.5, 492.5, 497.5, 502.5, 507.5, 512.5, 517.5, 522.5, 527.5, 532.5, 537.5, 542.5, 547.5, 552.5, 557.5, 562.5, 567.5, 572.5, 577.5, 582.5, 587.5, 592.5, 597.5, 602.5, 607.5, 612.5, 617.5, 622.5, 627.5, 632.5, 637.5, 642.5, 647.5, 652.5, 657.5, 662.5, 667.5, 672.5, 677.5, 682.5, 687.5, 692.5, 697.5, 702.5, 707.5, 712.5, 717.5, 722.5, 727.5, 732.5, 737.5, 742.5, 747.5, 752.5, 757.5, 762.5, 767.5, 772.5, 777.5, 782.5, 787.5, 792.5, 797.5, 802.5, 807.5, 812.5, 817.5]",0.006161903319443615,2663.861994246467,110.23420052201968,0.8332265938918526
PsAe,FAT_ns,2,"[0.0, 0.0, 0.0, 0.0, 0.0, 0.0, 0.0, 0.0, 0.0, 0.0, 0.0, 0.0, 0.0, 0.0, 0.0, 0.0, 0.0, 0.0, 0.0, 0.0, 0.0, 0.0, 0.0, 0.0, 0.0, 0.0, 0.0, 0.0, 0.0, 0.0, 0.0, 0.0, 0.0, 0.0, 0.0, 0.0, 0.0, 0.0, 0.0, 0.0, 0.0, 0.0, 0.0, 0.0, 0.0, 0.0, 0.0, 0.0, 0.0, 0.0, 0.0, 0.0, 0.0, 0.0, 0.0, 0.0, 0.0, 0.0, 0.0, 0.0, 0.0, 0.0, 0.0, 0.0005520330001834652, 0.0, 0.0, 0.0005520330001834652, 0.0, 0.001380082500458663, 0.0009660577503210639, 0.0009660577503210639, 0.0012420742504127965, 0.0009660577503210639, 0.0012420742504127965, 0.0009660577503210639, 0.002898173250963192, 0.0031741897510549244, 0.002898173250963192, 0.002898173250963192, 0.002070123750687994, 0.0026221567508714592, 0.002898173250963192, 0.0026221567508714592, 0.0031741897510549244, 0.002070123750687994, 0.002070123750687994, 0.003312198001100791, 0.002760165000917326, 0.0026221567508714592, 0.002898173250963192, 0.0035882145011925234, 0.0030361815010090582, 0.0030361815010090582, 0.003312198001100791, 0.004692280501559454, 0.004140247501375988, 0.0022081320007338607, 0.004692280501559454, 0.005520330001834652, 0.006624396002201582, 0.004968297001651186, 0.006624396002201582, 0.009936594003302372, 0.01628497350541222, 0.008280495002751976, 0.006624396002201582, 0.004692280501559454, 0.013800825004586629, 0.00855651150284371, 0.007176429002385047, 0.0077284620025685116, 0.006348379502109849, 0.0052443135017429185, 0.009108544503027175, 0.005796346501926384, 0.005520330001834652, 0.008280495002751976, 0.01711302300568742, 0.012144726004036233, 0.009384561003118908, 0.0118687095039445, 0.006624396002201582, 0.0069004125022933144, 0.007176429002385047, 0.013248792004403164, 0.006348379502109849, 0.010488627003485837, 0.008832528002935443, 0.007176429002385047, 0.007452445502476779, 0.012144726004036233, 0.010764643503577571, 0.00966057750321064, 0.0069004125022933144, 0.005520330001834652, 0.01297277550431143, 0.006624396002201582, 0.009108544503027175, 0.014076841504678361, 0.019045138506329547, 0.012696759004219698, 0.02346140250779727, 0.010212610503394105, 0.010212610503394105, 0.01518090750504529, 0.00966057750321064, 0.011592693003852768, 0.011592693003852768, 0.016560990005503953, 0.012696759004219698, 0.00966057750321064, 0.011316676503761036, 0.0038642310012842558, 0.011040660003669303]","[52.5, 57.5, 62.5, 67.5, 72.5, 77.5, 82.5, 87.5, 92.5, 97.5, 102.5, 107.5, 112.5, 117.5, 122.5, 127.5, 132.5, 137.5, 142.5, 147.5, 152.5, 157.5, 162.5, 167.5, 172.5, 177.5, 182.5, 187.5, 192.5, 197.5, 202.5, 207.5, 212.5, 217.5, 222.5, 227.5, 232.5, 237.5, 242.5, 247.5, 252.5, 257.5, 262.5, 267.5, 272.5, 277.5, 282.5, 287.5, 292.5, 297.5, 302.5, 307.5, 312.5, 317.5, 322.5, 327.5, 332.5, 337.5, 342.5, 347.5, 352.5, 357.5, 362.5, 367.5, 372.5, 377.5, 382.5, 387.5, 392.5, 397.5, 402.5, 407.5, 412.5, 417.5, 422.5, 427.5, 432.5, 437.5, 442.5, 447.5, 452.5, 457.5, 462.5, 467.5, 472.5, 477.5, 482.5, 487.5, 492.5, 497.5, 502.5, 507.5, 512.5, 517.5, 522.5, 527.5, 532.5, 537.5, 542.5, 547.5, 552.5, 557.5, 562.5, 567.5, 572.5, 577.5, 582.5, 587.5, 592.5, 597.5, 602.5, 607.5, 612.5, 617.5, 622.5, 627.5, 632.5, 637.5, 642.5, 647.5, 652.5, 657.5, 662.5, 667.5, 672.5, 677.5, 682.5, 687.5, 692.5, 697.5, 702.5, 707.5, 712.5, 717.5, 722.5, 727.5, 732.5, 737.5, 742.5, 747.5, 752.5, 757.5, 762.5, 767.5, 772.5, 777.5, 782.5, 787.5, 792.5, 797.5, 802.5, 807.5, 812.5, 817.5]",0.007948916739654767,769.4243798084478,69.03695676528356,0.8929145544347444
PsAe,FAT_ns,3,"[0.0, 0.0, 0.0, 0.0, 0.0, 0.0, 0.0, 0.0, 0.0, 0.0, 0.0, 0.0, 0.0, 0.0, 0.0, 0.0, 0.0, 0.0, 0.0008458467493825994, 0.0, 0.0, 0.0, 0.0, 0.0, 0.0, 0.0, 0.0, 0.0, 0.0, 0.0, 0.0, 0.0, 0.0, 0.0, 0.0, 0.0, 0.0, 0.0, 0.0, 0.0, 0.0, 0.0, 0.0, 0.0015859626550923738, 0.0015859626550923738, 0.001374500967746724, 0.0015859626550923738, 0.0009515775930554243, 0.0007401159057097745, 0.0009515775930554243, 0.0015859626550923738, 0.0022203477171293235, 0.0020088860297836734, 0.002643271091820623, 0.0022203477171293235, 0.002854732779166273, 0.002431809404474973, 0.0020088860297836734, 0.003066194466511923, 0.0037005795285488725, 0.0022203477171293235, 0.0022203477171293235, 0.0022203477171293235, 0.0034891178412032224, 0.002854732779166273, 0.0020088860297836734, 0.003066194466511923, 0.0037005795285488725, 0.002431809404474973, 0.002643271091820623, 0.0022203477171293235, 0.002854732779166273, 0.003277656153857573, 0.0034891178412032224, 0.004334964590585822, 0.003277656153857573, 0.0037005795285488725, 0.004546426277931472, 0.004546426277931472, 0.004334964590585822, 0.002643271091820623, 0.002854732779166273, 0.005180811339968421, 0.007824082431789045, 0.005075080496295597, 0.005709465558332546, 0.005709465558332546, 0.004652157121604297, 0.004229233746912997, 0.005498003870986896, 0.006343850620369495, 0.006766773995060795, 0.005920927245678196, 0.007612620744443395, 0.006978235682406445, 0.007189697369752095, 0.004863618808949946, 0.004440695434258647, 0.004440695434258647, 0.005709465558332546, 0.006343850620369495, 0.0038063103722216973, 0.005709465558332546, 0.006343850620369495, 0.004229233746912997, 0.005286542183641246, 0.004652157121604297, 0.006132388933023846, 0.006555312307715146, 0.005498003870986896, 0.004652157121604297, 0.004017772059567347, 0.006132388933023846, 0.0038063103722216973, 0.0033833869975303976, 0.004863618808949946, 0.004229233746912997, 0.004229233746912997, 0.004229233746912997, 0.0031719253101847476, 0.005286542183641246, 0.004652157121604297, 0.0035948486848760477, 0.005709465558332546, 0.004652157121604297, 0.006132388933023846, 0.007189697369752095, 0.005286542183641246, 0.006555312307715146, 0.005075080496295597, 0.005709465558332546, 0.004017772059567347, 0.005709465558332546, 0.006343850620369495, 0.004863618808949946, 0.005498003870986896, 0.004440695434258647, 0.006978235682406445, 0.007189697369752095, 0.006555312307715146, 0.008458467493825995, 0.007401159057097745, 0.006343850620369495, 0.007612620744443395, 0.005920927245678196, 0.009304314243208593, 0.005075080496295597, 0.008035544119134694, 0.007189697369752095, 0.007401159057097745, 0.008881390868517294, 0.006132388933023846, 0.013745009677467241, 0.012053316178702042]","[52.5, 57.5, 62.5, 67.5, 72.5, 77.5, 82.5, 87.5, 92.5, 97.5, 102.5, 107.5, 112.5, 117.5, 122.5, 127.5, 132.5, 137.5, 142.5, 147.5, 152.5, 157.5, 162.5, 167.5, 172.5, 177.5, 182.5, 187.5, 192.5, 197.5, 202.5, 207.5, 212.5, 217.5, 222.5, 227.5, 232.5, 237.5, 242.5, 247.5, 252.5, 257.5, 262.5, 267.5, 272.5, 277.5, 282.5, 287.5, 292.5, 297.5, 302.5, 307.5, 312.5, 317.5, 322.5, 327.5, 332.5, 337.5, 342.5, 347.5, 352.5, 357.5, 362.5, 367.5, 372.5, 377.5, 382.5, 387.5, 392.5, 397.5, 402.5, 407.5, 412.5, 417.5, 422.5, 427.5, 432.5, 437.5, 442.5, 447.5, 452.5, 457.5, 462.5, 467.5, 472.5, 477.5, 482.5, 487.5, 492.5, 497.5, 502.5, 507.5, 512.5, 517.5, 522.5, 527.5, 532.5, 537.5, 542.5, 547.5, 552.5, 557.5, 562.5, 567.5, 572.5, 577.5, 582.5, 587.5, 592.5, 597.5, 602.5, 607.5, 612.5, 617.5, 622.5, 627.5, 632.5, 637.5, 642.5, 647.5, 652.5, 657.5, 662.5, 667.5, 672.5, 677.5, 682.5, 687.5, 692.5, 697.5, 702.5, 707.5, 712.5, 717.5, 722.5, 727.5, 732.5, 737.5, 742.5, 747.5, 752.5, 757.5, 762.5, 767.5, 772.5, 777.5, 782.5, 787.5, 792.5, 797.5, 802.5, 807.5, 812.5, 817.5]",0.005783614461687515,726.3008783075851,108.43183488536911,0.853824296579641
PsAe,FA_ns,1,"[0.031031209001391426, 0.032577247884023025, 0.03522760025424863, 0.03522760025424863, 0.031031209001391426, 0.03279811058154183, 0.030037326862556824, 0.02639309235349662, 0.03876140341454943, 0.04052830499469983, 0.02042979952048902, 0.02462619077334622, 0.022417563798158218, 0.028491287979925225, 0.03798838397323363, 0.04384124545748184, 0.03268767923278243, 0.03357113002285763, 0.027939131236128224, 0.027828699887368823, 0.03710493318315843, 0.034344149464173426, 0.030147758211316225, 0.03655277643936143, 0.04019701094842163, 0.03368156137161703, 0.03533803160300803, 0.04781677401282024, 0.03688407048563963, 0.03213552248898543, 0.028712150677444023, 0.04041787364594043, 0.03743622722943663, 0.043951676806241236, 0.04052830499469983, 0.03489630620797043, 0.03279811058154183, 0.03600061969556443, 0.03390242406913583, 0.04693332322274504, 0.040970030389737434, 0.033791992720376425, 0.032245953837744826, 0.043399520062444234, 0.03843010936827123, 0.030920777652632025, 0.03589018834680503, 0.03522760025424863, 0.03335026732533883, 0.032577247884023025, 0.038540540717030634, 0.04870022480289544, 0.029595601467519224, 0.029374738770000425, 0.03246681653526363, 0.038871834763308834, 0.04627073513018864, 0.040638736343459235, 0.04141175578477503, 0.03876140341454943, 0.030368620908835024, 0.03180422844270723, 0.03577975699804563, 0.03787795262447423, 0.03489630620797043, 0.03776752127571483, 0.027828699887368823, 0.03544846295176743, 0.04284736331864723, 0.032577247884023025, 0.034675443510451626, 0.033791992720376425, 0.03677363913688023, 0.03809881532199303, 0.03688407048563963, 0.04284736331864723, 0.04571857838639164, 0.03732579588067723, 0.03489630620797043, 0.03831967801951183, 0.031031209001391426, 0.03511716890548923, 0.03865097206579003, 0.03335026732533883, 0.03544846295176743, 0.03544846295176743, 0.04174304983105324, 0.04384124545748184, 0.03820924667075243, 0.03246681653526363, 0.03268767923278243, 0.03699450183439903, 0.03986571690214343, 0.040307442297181036, 0.03125207169891023, 0.03511716890548923, 0.03831967801951183, 0.034675443510451626, 0.03931356015834643, 0.029926895513797423, 0.043068226016166035, 0.030258189560075626, 0.02727654314357182, 0.027055680446053023, 0.03125207169891023, 0.029816464165038026, 0.029926895513797423, 0.02506791616838382, 0.02606179830721842, 0.02451575942458682, 0.018110741196541616, 0.016785565011428815, 0.020208936822970217, 0.022748857844436417, 0.021202818961804818, 0.019215054684135615, 0.0029816464165038025, 0.0, 0.0, 0.0, 0.0, 0.0, 0.0, 0.0, 0.0, 0.0, 0.0, 0.0, 0.0, 0.0, 0.0, 0.0, 0.0, 0.0, 0.0, 0.0, 0.0, 0.0, 0.0, 0.0, 0.0, 0.0, 0.0, 0.0, 0.0, 0.0, 0.0, 0.0, 0.0, 0.0, 0.0, 0.0, 0.0, 0.0]","[52.5, 57.5, 62.5, 67.5, 72.5, 77.5, 82.5, 87.5, 92.5, 97.5, 102.5, 107.5, 112.5, 117.5, 122.5, 127.5, 132.5, 137.5, 142.5, 147.5, 152.5, 157.5, 162.5, 167.5, 172.5, 177.5, 182.5, 187.5, 192.5, 197.5, 202.5, 207.5, 212.5, 217.5, 222.5, 227.5, 232.5, 237.5, 242.5, 247.5, 252.5, 257.5, 262.5, 267.5, 272.5, 277.5, 282.5, 287.5, 292.5, 297.5, 302.5, 307.5, 312.5, 317.5, 322.5, 327.5, 332.5, 337.5, 342.5, 347.5, 352.5, 357.5, 362.5, 367.5, 372.5, 377.5, 382.5, 387.5, 392.5, 397.5, 402.5, 407.5, 412.5, 417.5, 422.5, 427.5, 432.5, 437.5, 442.5, 447.5, 452.5, 457.5, 462.5, 467.5, 472.5, 477.5, 482.5, 487.5, 492.5, 497.5, 502.5, 507.5, 512.5, 517.5, 522.5, 527.5, 532.5, 537.5, 542.5, 547.5, 552.5, 557.5, 562.5, 567.5, 572.5, 577.5, 582.5, 587.5, 592.5, 597.5, 602.5, 607.5, 612.5, 617.5, 622.5, 627.5, 632.5, 637.5, 642.5, 647.5, 652.5, 657.5, 662.5, 667.5, 672.5, 677.5, 682.5, 687.5, 692.5, 697.5, 702.5, 707.5, 712.5, 717.5, 722.5, 727.5, 732.5, 737.5, 742.5, 747.5, 752.5, 757.5, 762.5, 767.5, 772.5, 777.5, 782.5, 787.5, 792.5, 797.5, 802.5, 807.5, 812.5, 817.5]",0.016231974094271302,24.395148932149755,28.296522107198623,0.3953811763737846
PsAe,FA_ns,2,"[0.08881562750016869, 0.08227013017487037, 0.07628889986037361, 0.0832858107943132, 0.07651460666469424, 0.07087193655667845, 0.08272154378351163, 0.08441434481591636, 0.07437039202364824, 0.0854300254353592, 0.08080303594678626, 0.07493465903444982, 0.08238298357703068, 0.07516036583877045, 0.07990020872950372, 0.07527321924093076, 0.08813850708720679, 0.08351151759863383, 0.09829531328163522, 0.08012591553382435, 0.06455214603570075, 0.08204442337054972, 0.08306010398999257, 0.07707887367549582, 0.09039557513041312, 0.09479685781466543, 0.07753028728413709, 0.08227013017487037, 0.07911023491438152, 0.08520431863103857, 0.07911023491438152, 0.0804644757403053, 0.0804644757403053, 0.0804644757403053, 0.08734853327208458, 0.07662746006685456, 0.07008196274155623, 0.07674031346901487, 0.08170586316406878, 0.0995367007053987, 0.08712282646776394, 0.07290329779556413, 0.07470895223012919, 0.09231408296713849, 0.06884057531779275, 0.06669636067674675, 0.07651460666469424, 0.08238298357703068, 0.07154905696964034, 0.07640175326253393, 0.07538607264309108, 0.07053337635019749, 0.0733547114042054, 0.0832858107943132, 0.07662746006685456, 0.06534211985082296, 0.06455214603570075, 0.08238298357703068, 0.08069018254462594, 0.07911023491438152, 0.06816345490483086, 0.06071513036225001, 0.08294725058783226, 0.06996910933939592, 0.06466499943786107, 0.06872772191563244, 0.05631384767799768, 0.06127939737305158, 0.08712282646776394, 0.07042052294803718, 0.06680921407890707, 0.06455214603570075, 0.058570915721204, 0.06364931881841822, 0.06195651778601348, 0.06387502562273885, 0.06963054913291497, 0.07380612501284665, 0.0733547114042054, 0.0642135858292198, 0.07188761717612129, 0.06387502562273885, 0.05936088953632621, 0.060150863351448425, 0.06308505180761664, 0.06150510417737222, 0.06601924026378486, 0.05462104664559294, 0.058458062319043685, 0.06071513036225001, 0.062069371188173794, 0.055975287471516734, 0.0677120412961896, 0.05146115138510409, 0.06534211985082296, 0.057216674895280206, 0.05665240788447863, 0.04841410952677556, 0.045705627874927976, 0.04502850746196608, 0.056426701080157994, 0.04705986870085177, 0.0557495806671961, 0.054508193243432625, 0.044915654059805764, 0.05383107283047073, 0.0353231148761789, 0.0423200258101185, 0.04773698911381367, 0.03916013054962965, 0.033404607039453534, 0.0423200258101185, 0.03656450229994238, 0.024714895073109203, 0.03464599446321701, 0.02618198930119331, 0.02561772229039173, 0.03893442374530902, 0.02697196311631552, 0.018959371562933088, 0.010043952792268123, 0.004175575879931692, 0.00045141360864126397, 0.0, 0.0, 0.0, 0.0, 0.0, 0.0, 0.0, 0.0, 0.0, 0.0, 0.0, 0.0, 0.0, 0.0, 0.0, 0.0, 0.0, 0.0, 0.0, 0.0, 0.0, 0.0, 0.0, 0.0, 0.0, 0.0, 0.0, 0.0, 0.0, 0.0, 0.0]","[52.5, 57.5, 62.5, 67.5, 72.5, 77.5, 82.5, 87.5, 92.5, 97.5, 102.5, 107.5, 112.5, 117.5, 122.5, 127.5, 132.5, 137.5, 142.5, 147.5, 152.5, 157.5, 162.5, 167.5, 172.5, 177.5, 182.5, 187.5, 192.5, 197.5, 202.5, 207.5, 212.5, 217.5, 222.5, 227.5, 232.5, 237.5, 242.5, 247.5, 252.5, 257.5, 262.5, 267.5, 272.5, 277.5, 282.5, 287.5, 292.5, 297.5, 302.5, 307.5, 312.5, 317.5, 322.5, 327.5, 332.5, 337.5, 342.5, 347.5, 352.5, 357.5, 362.5, 367.5, 372.5, 377.5, 382.5, 387.5, 392.5, 397.5, 402.5, 407.5, 412.5, 417.5, 422.5, 427.5, 432.5, 437.5, 442.5, 447.5, 452.5, 457.5, 462.5, 467.5, 472.5, 477.5, 482.5, 487.5, 492.5, 497.5, 502.5, 507.5, 512.5, 517.5, 522.5, 527.5, 532.5, 537.5, 542.5, 547.5, 552.5, 557.5, 562.5, 567.5, 572.5, 577.5, 582.5, 587.5, 592.5, 597.5, 602.5, 607.5, 612.5, 617.5, 622.5, 627.5, 632.5, 637.5, 642.5, 647.5, 652.5, 657.5, 662.5, 667.5, 672.5, 677.5, 682.5, 687.5, 692.5, 697.5, 702.5, 707.5, 712.5, 717.5, 722.5, 727.5, 732.5, 737.5, 742.5, 747.5, 752.5, 757.5, 762.5, 767.5, 772.5, 777.5, 782.5, 787.5, 792.5, 797.5, 802.5, 807.5, 812.5, 817.5]",0.02839801974361406,11.568493039250402,51.35046716402483,0.37296685895260717
PsAe,FA_ns,3,"[0.048445618994490514, 0.05829320977140798, 0.05897235396291953, 0.0427860840652276, 0.07085737731437164, 0.06236807492047727, 0.04810604689873474, 0.06112297723603943, 0.05546344230677652, 0.05614258649828807, 0.057274493484140654, 0.04923795388458732, 0.07221566569739474, 0.05919873536009004, 0.06508465168652347, 0.0696122796299338, 0.053426009732241875, 0.052860056239315584, 0.06259445631764779, 0.06814080054832544, 0.05829320977140798, 0.06802760984974018, 0.06565060517944976, 0.052860056239315584, 0.05557663300536178, 0.06191531212613624, 0.07153652150588319, 0.062254884221892015, 0.06055702374311314, 0.0593119260586753, 0.06904632613700751, 0.07029142382144535, 0.06802760984974018, 0.05365239112941239, 0.06304721911198882, 0.06734846565822863, 0.06814080054832544, 0.05806682837423746, 0.0641791260978414, 0.05625577719687333, 0.05750087488131117, 0.062254884221892015, 0.05738768418272591, 0.06949908893134854, 0.06236807492047727, 0.0682539912469107, 0.05761406557989643, 0.06497146098793821, 0.05614258649828807, 0.06010426094877211, 0.05942511675726056, 0.04878519109024629, 0.06497146098793821, 0.05512387021102075, 0.056595349292629105, 0.0744794796690999, 0.054671107416679715, 0.06259445631764779, 0.062254884221892015, 0.06497146098793821, 0.05003028877468413, 0.055237060909606006, 0.06214169352330676, 0.0633867912077446, 0.048898381788831546, 0.06010426094877211, 0.06712208426105812, 0.06927270753417802, 0.05738768418272591, 0.04595542362561483, 0.07085737731437164, 0.06451869819359718, 0.05772725627848169, 0.051728149253463, 0.061009786537454175, 0.05319962833507136, 0.05512387021102075, 0.054671107416679715, 0.06316040981057408, 0.05489748881385023, 0.052180912047804034, 0.05240729344497455, 0.04380480035249493, 0.0530864376364861, 0.04244651196947183, 0.055350251608191264, 0.048445618994490514, 0.0593119260586753, 0.05161495855487774, 0.04380480035249493, 0.05138857715770723, 0.04980390737751361, 0.05195453065063352, 0.04244651196947183, 0.05127538645912197, 0.05195453065063352, 0.049011572487416805, 0.0427860840652276, 0.041314604983619246, 0.047087330611467415, 0.038824409614743566, 0.03282530258972488, 0.03735293053313521, 0.032485730493969106, 0.0455026608312738, 0.04301246546239812, 0.030108725823678684, 0.032485730493969106, 0.02286452111422216, 0.02716576766046197, 0.02648662346895042, 0.028184483947729294, 0.019468800156664412, 0.021845804826954834, 0.01584669780193615, 0.0165258419934477, 0.0036221023547282627, 0.0, 0.0, 0.0, 0.0, 0.0, 0.0, 0.0, 0.0, 0.0, 0.0, 0.0, 0.0, 0.0, 0.0, 0.0, 0.0, 0.0, 0.0, 0.0, 0.0, 0.0, 0.0, 0.0, 0.0, 0.0, 0.0, 0.0, 0.0, 0.0, 0.0, 0.0, 0.0, 0.0, 0.0, 0.0, 0.0, 0.0]","[52.5, 57.5, 62.5, 67.5, 72.5, 77.5, 82.5, 87.5, 92.5, 97.5, 102.5, 107.5, 112.5, 117.5, 122.5, 127.5, 132.5, 137.5, 142.5, 147.5, 152.5, 157.5, 162.5, 167.5, 172.5, 177.5, 182.5, 187.5, 192.5, 197.5, 202.5, 207.5, 212.5, 217.5, 222.5, 227.5, 232.5, 237.5, 242.5, 247.5, 252.5, 257.5, 262.5, 267.5, 272.5, 277.5, 282.5, 287.5, 292.5, 297.5, 302.5, 307.5, 312.5, 317.5, 322.5, 327.5, 332.5, 337.5, 342.5, 347.5, 352.5, 357.5, 362.5, 367.5, 372.5, 377.5, 382.5, 387.5, 392.5, 397.5, 402.5, 407.5, 412.5, 417.5, 422.5, 427.5, 432.5, 437.5, 442.5, 447.5, 452.5, 457.5, 462.5, 467.5, 472.5, 477.5, 482.5, 487.5, 492.5, 497.5, 502.5, 507.5, 512.5, 517.5, 522.5, 527.5, 532.5, 537.5, 542.5, 547.5, 552.5, 557.5, 562.5, 567.5, 572.5, 577.5, 582.5, 587.5, 592.5, 597.5, 602.5, 607.5, 612.5, 617.5, 622.5, 627.5, 632.5, 637.5, 642.5, 647.5, 652.5, 657.5, 662.5, 667.5, 672.5, 677.5, 682.5, 687.5, 692.5, 697.5, 702.5, 707.5, 712.5, 717.5, 722.5, 727.5, 732.5, 737.5, 742.5, 747.5, 752.5, 757.5, 762.5, 767.5, 772.5, 777.5, 782.5, 787.5, 792.5, 797.5, 802.5, 807.5, 812.5, 817.5]",0.021153430553790462,14.312249890033979,22.58975275301219,0.3702529194215655
PsFu,FAT_ns,1,"[0.06654351225199079, 0.07843593523772431, 0.07676018472609822, 0.07984140340876554, 0.0749763212782382, 0.06773275455056414, 0.08032791162181828, 0.07357085310719697, 0.07021935208394478, 0.07940895166382977, 0.07897649991889402, 0.07935489519571282, 0.08205771860156134, 0.08270639621896499, 0.08519299375234564, 0.0801116857493504, 0.0758952812362267, 0.0749763212782382, 0.08513893728422867, 0.0819496056653274, 0.08805798656254507, 0.07659801532174731, 0.07946300813194675, 0.0760574506405776, 0.07713858000291701, 0.07362490957531392, 0.07254378021297452, 0.07492226481012122, 0.07438170012895151, 0.08530110668857957, 0.07373302251154787, 0.07124642497816722, 0.06962473093465811, 0.08313884796390075, 0.07578716829999275, 0.08140904098415769, 0.0751384906825891, 0.07794942702467157, 0.08573355843351534, 0.08021979868558433, 0.08140904098415769, 0.07200321553180482, 0.07632773298116245, 0.08259828328273104, 0.07886838698266008, 0.0791927257913619, 0.08292262209143286, 0.07384113544778181, 0.08059819396240313, 0.07411141778836666, 0.07232755434050664, 0.0758952812362267, 0.08270639621896499, 0.07048963442452963, 0.07340868370284605, 0.07097614263758237, 0.07270594961732543, 0.06621917344328895, 0.06275955948380284, 0.07703046706668308, 0.06513804408094954, 0.0736789660434309, 0.07140859438251813, 0.0751384906825891, 0.07503037774635517, 0.06432719705919498, 0.07557094242752486, 0.07481415187388728, 0.07405736132024969, 0.08249017034649711, 0.06670568165634169, 0.07027340855206175, 0.07503037774635517, 0.06821926276361687, 0.0598945666736034, 0.06335418063308952, 0.0598945666736034, 0.06811114982738294, 0.0617324865895804, 0.0690841662534884, 0.06567860876211926, 0.06324606769685558, 0.06389474531425922, 0.06600294757082108, 0.06492181820848167, 0.06167843012146343, 0.06459747939977985, 0.05540787981989485, 0.06897605331725445, 0.055678162160479695, 0.05411052458508755, 0.05789447735327549, 0.060489187822890075, 0.059245889056199756, 0.055678162160479695, 0.0635704065055574, 0.05740796914022275, 0.05394835518073664, 0.05319156462709905, 0.06108380897217675, 0.05427269398943846, 0.04984006360384687, 0.04659667551682864, 0.05913777611996581, 0.04789403075163593, 0.05405646811697058, 0.05557004922424576, 0.05129958824300508, 0.04697507079364743, 0.045245263813904375, 0.05065091062560143, 0.04897516011397535, 0.04865082130527352, 0.0525428870096954, 0.05189420939229176, 0.05216449173287661, 0.05605655743729849, 0.04805620015598684, 0.04902921658209231, 0.04805620015598684, 0.04546148968637226, 0.041569423981950376, 0.04416413445156497, 0.035947551297785436, 0.03951527819350549, 0.04200187572688614, 0.043947908579097084, 0.03886660057610185, 0.04513715087767043, 0.04383979564286314, 0.049731950667612934, 0.039785560534090346, 0.04129914164136552, 0.04205593219500311, 0.03935310878915458, 0.036866511255773934, 0.03340689729628782, 0.03838009236304911, 0.03794764061811335, 0.0354610430847327, 0.03735301946882667, 0.0418937627906522, 0.039623391129739435, 0.04113697223701461, 0.03919093938480367, 0.034974534871679966, 0.03421774431804238, 0.03778547121376243, 0.04643450611247773, 0.04113697223701461, 0.036704341851423024, 0.038326035894932144, 0.034001518445574495, 0.04135319810948249]","[52.5, 57.5, 62.5, 67.5, 72.5, 77.5, 82.5, 87.5, 92.5, 97.5, 102.5, 107.5, 112.5, 117.5, 122.5, 127.5, 132.5, 137.5, 142.5, 147.5, 152.5, 157.5, 162.5, 167.5, 172.5, 177.5, 182.5, 187.5, 192.5, 197.5, 202.5, 207.5, 212.5, 217.5, 222.5, 227.5, 232.5, 237.5, 242.5, 247.5, 252.5, 257.5, 262.5, 267.5, 272.5, 277.5, 282.5, 287.5, 292.5, 297.5, 302.5, 307.5, 312.5, 317.5, 322.5, 327.5, 332.5, 337.5, 342.5, 347.5, 352.5, 357.5, 362.5, 367.5, 372.5, 377.5, 382.5, 387.5, 392.5, 397.5, 402.5, 407.5, 412.5, 417.5, 422.5, 427.5, 432.5, 437.5, 442.5, 447.5, 452.5, 457.5, 462.5, 467.5, 472.5, 477.5, 482.5, 487.5, 492.5, 497.5, 502.5, 507.5, 512.5, 517.5, 522.5, 527.5, 532.5, 537.5, 542.5, 547.5, 552.5, 557.5, 562.5, 567.5, 572.5, 577.5, 582.5, 587.5, 592.5, 597.5, 602.5, 607.5, 612.5, 617.5, 622.5, 627.5, 632.5, 637.5, 642.5, 647.5, 652.5, 657.5, 662.5, 667.5, 672.5, 677.5, 682.5, 687.5, 692.5, 697.5, 702.5, 707.5, 712.5, 717.5, 722.5, 727.5, 732.5, 737.5, 742.5, 747.5, 752.5, 757.5, 762.5, 767.5, 772.5, 777.5, 782.5, 787.5, 792.5, 797.5, 802.5, 807.5, 812.5, 817.5]",0.04910995026824104,14.29847005392363,21.070321785376397,0.423719469548403
PsFu,FAT_ns,2,"[0.06766832633681655, 0.06967496533856728, 0.06934052550494216, 0.07117994458988033, 0.06872738580996277, 0.0729078837302768, 0.07625228206652804, 0.06934052550494216, 0.07809170115146621, 0.07697690170604914, 0.07441286298158986, 0.08104591968182145, 0.06733388650319141, 0.07541618248246522, 0.07853762092963304, 0.07262918386892253, 0.06605186714096178, 0.06917330558812959, 0.08188201926588427, 0.06716666658637886, 0.07530470253792351, 0.06973070531083814, 0.07920650059688329, 0.07575062231609035, 0.06805850614271251, 0.06504854764008641, 0.07246196395210998, 0.07636376201106974, 0.06895034569904618, 0.07708838165059084, 0.07485878275975669, 0.07301936367481851, 0.07145864445123461, 0.07625228206652804, 0.07524896256565267, 0.07168160434031802, 0.0742456430647773, 0.06633056700231606, 0.06828146603179594, 0.06694370669729545, 0.07084550475625521, 0.07329806353617278, 0.06672074680821202, 0.06549446741825324, 0.07285214375800594, 0.05724495152216688, 0.07329806353617278, 0.07396694320342302, 0.07614080212198633, 0.07301936367481851, 0.06532724750144069, 0.07463582287067327, 0.07786874126238279, 0.06437966797283617, 0.06861590586542106, 0.07619654209425718, 0.0807672198204672, 0.06878312578223363, 0.07970816034732096, 0.08093443973727975, 0.07034384500581753, 0.07714412162286169, 0.0590286306348342, 0.05579571224312468, 0.06309764861060653, 0.06215006908200201, 0.05679903174400005, 0.07385546325888132, 0.059976210163438716, 0.05796957116168798, 0.06220580905427287, 0.06432392800056531, 0.06320912855514824, 0.06777980628135825, 0.06443540794510702, 0.05741217143897944, 0.05317593354639455, 0.04258533881493232, 0.05161521432281064, 0.05562849232631212, 0.046821576707517215, 0.05546127240949956, 0.0590286306348342, 0.05523831252041614, 0.05222835401779003, 0.05011023507149759, 0.052674273795956864, 0.05083485471101869, 0.06142544944248091, 0.052952973657311136, 0.047156016541142334, 0.05668755179945834, 0.047992116125205146, 0.05083485471101869, 0.04275255873174488, 0.044536237844412206, 0.045093637567120745, 0.04553955734528758, 0.043031258593099156, 0.04291977864855744, 0.04035573992409817, 0.046821576707517215, 0.04425753798305794, 0.03756874131055548, 0.03912946053413938, 0.04693305665205892, 0.045260857483933305, 0.04994301515468503, 0.04425753798305794, 0.05144799440599808, 0.043755878232620254, 0.05568423229858297, 0.04721175651341319, 0.0444247578998705, 0.045428077400745864, 0.04264107878720318, 0.04498215762257904, 0.0444247578998705, 0.04057869981318159, 0.04414605803851623, 0.04503789759484989, 0.037680221255097186, 0.045483817373016724, 0.041637759286327805, 0.04264107878720318, 0.0364539418651384, 0.04247385887039062, 0.03946390036776451, 0.04002130009047305, 0.046598616818433795, 0.033109543528887175, 0.03712282153238865, 0.03712282153238865, 0.03924094047868109, 0.03132586441621985, 0.03188326413892839, 0.03678838169876352, 0.035339142419721324, 0.04024425997955646, 0.03578506219788816, 0.03221770397255351, 0.02943070535901082, 0.03779170119963889, 0.03890650064505597, 0.03322102347342888, 0.02653222680092642, 0.032106224028011804, 0.024079668021008853, 0.027758506190885206, 0.03890650064505597, 0.026643706745468128, 0.03076846469351131, 0.03366694325159571, 0.029207745469927403]","[52.5, 57.5, 62.5, 67.5, 72.5, 77.5, 82.5, 87.5, 92.5, 97.5, 102.5, 107.5, 112.5, 117.5, 122.5, 127.5, 132.5, 137.5, 142.5, 147.5, 152.5, 157.5, 162.5, 167.5, 172.5, 177.5, 182.5, 187.5, 192.5, 197.5, 202.5, 207.5, 212.5, 217.5, 222.5, 227.5, 232.5, 237.5, 242.5, 247.5, 252.5, 257.5, 262.5, 267.5, 272.5, 277.5, 282.5, 287.5, 292.5, 297.5, 302.5, 307.5, 312.5, 317.5, 322.5, 327.5, 332.5, 337.5, 342.5, 347.5, 352.5, 357.5, 362.5, 367.5, 372.5, 377.5, 382.5, 387.5, 392.5, 397.5, 402.5, 407.5, 412.5, 417.5, 422.5, 427.5, 432.5, 437.5, 442.5, 447.5, 452.5, 457.5, 462.5, 467.5, 472.5, 477.5, 482.5, 487.5, 492.5, 497.5, 502.5, 507.5, 512.5, 517.5, 522.5, 527.5, 532.5, 537.5, 542.5, 547.5, 552.5, 557.5, 562.5, 567.5, 572.5, 577.5, 582.5, 587.5, 592.5, 597.5, 602.5, 607.5, 612.5, 617.5, 622.5, 627.5, 632.5, 637.5, 642.5, 647.5, 652.5, 657.5, 662.5, 667.5, 672.5, 677.5, 682.5, 687.5, 692.5, 697.5, 702.5, 707.5, 712.5, 717.5, 722.5, 727.5, 732.5, 737.5, 742.5, 747.5, 752.5, 757.5, 762.5, 767.5, 772.5, 777.5, 782.5, 787.5, 792.5, 797.5, 802.5, 807.5, 812.5, 817.5]",0.04245576147679619,14.597779424567827,26.45645252807829,0.3851362470686652
PsFu,FAT_ns,3,"[0.07558991052988501, 0.073382512857716, 0.07386706356624091, 0.07871257065148994, 0.06961378512474453, 0.07451313117760744, 0.08124300212934223, 0.07763579129921239, 0.08075845142081732, 0.07257492834350783, 0.07698972368784585, 0.07532071569181562, 0.08135068006456998, 0.07542839362704337, 0.07085208137986372, 0.07968167206853975, 0.07925096032762872, 0.06708335364689225, 0.07505152085374622, 0.07472848704806295, 0.07225189453782456, 0.06471443907188161, 0.07451313117760744, 0.06826781093439757, 0.077366596461143, 0.06713719261450612, 0.0766128509145487, 0.07499768188613234, 0.07795882510489566, 0.07602062227079603, 0.06955994615713065, 0.0778511471696679, 0.06309927004346526, 0.07354402976055764, 0.07332867389010213, 0.06568354048893142, 0.06676031984120899, 0.07230573350543844, 0.07499768188613234, 0.07176734382929965, 0.0664911250031396, 0.07144431002361638, 0.06729870951734776, 0.07645133401170706, 0.07036753067133883, 0.0684293278372392, 0.07327483492248825, 0.07230573350543844, 0.06584505739177306, 0.0590613474724244, 0.05696162773548315, 0.06579121842415918, 0.06923691235144738, 0.061268745144593406, 0.06159177895027668, 0.07268260627873559, 0.05927670334287991, 0.06056883856561299, 0.05970741508379094, 0.06035348269515747, 0.06670648087359511, 0.057069305670710904, 0.0553464587070668, 0.058792152634355006, 0.06320694797869301, 0.06460676113665385, 0.06234552449687097, 0.06503747287756488, 0.05470039109570026, 0.058038407087760716, 0.06056883856561299, 0.06358382075199016, 0.06110722824175177, 0.05690778876786927, 0.05927670334287991, 0.05227763755307575, 0.056692432897413755, 0.05120085820079818, 0.058522957796285614, 0.05216995961784799, 0.053785128646264335, 0.05943822024572155, 0.0578230512173052, 0.05566949251275007, 0.048885782593401414, 0.04996256194567898, 0.05577717044797783, 0.05222379858546187, 0.05513110283661129, 0.051362375103639814, 0.055292619739452924, 0.05464655212808638, 0.05787689018491908, 0.054592713160472504, 0.04619383421270751, 0.04748596943544058, 0.052008442715006355, 0.05265451032637289, 0.05157773097409533, 0.050608629557045516, 0.047701325305896096, 0.04813203704680712, 0.0494241722695402, 0.045224732795657696, 0.050500951621817766, 0.0553464587070668, 0.04565544453656872, 0.047701325305896096, 0.057392339476394175, 0.0511470192331843, 0.043771080670082986, 0.04517089382804382, 0.04011003087233927, 0.050662468524659394, 0.04576312247179648, 0.0494241722695402, 0.04156368299791398, 0.044470987249063405, 0.040917615386547444, 0.04791668117635161, 0.04355572479962747, 0.044147953443380135, 0.04124064919223071, 0.04366340273485523, 0.04000235293711151, 0.04247894544734991, 0.04215591164166664, 0.04721677459737119, 0.04161752196552786, 0.04393259757292462, 0.04640919008316302, 0.04544008866611321, 0.044147953443380135, 0.049208816399084684, 0.04393259757292462, 0.043824919637696864, 0.04457866518429116, 0.04823971498203488, 0.04285581822064706, 0.045978478342251994, 0.044794021054746676, 0.04360956376724135, 0.042317428544508276, 0.0385487008115368, 0.042640462350191546, 0.04156368299791398, 0.03930244635813109, 0.03402622753197103, 0.03671817591266494, 0.03068821153991058, 0.03370319372628776, 0.03477997307856533, 0.03391854959674327, 0.042640462350191546]","[52.5, 57.5, 62.5, 67.5, 72.5, 77.5, 82.5, 87.5, 92.5, 97.5, 102.5, 107.5, 112.5, 117.5, 122.5, 127.5, 132.5, 137.5, 142.5, 147.5, 152.5, 157.5, 162.5, 167.5, 172.5, 177.5, 182.5, 187.5, 192.5, 197.5, 202.5, 207.5, 212.5, 217.5, 222.5, 227.5, 232.5, 237.5, 242.5, 247.5, 252.5, 257.5, 262.5, 267.5, 272.5, 277.5, 282.5, 287.5, 292.5, 297.5, 302.5, 307.5, 312.5, 317.5, 322.5, 327.5, 332.5, 337.5, 342.5, 347.5, 352.5, 357.5, 362.5, 367.5, 372.5, 377.5, 382.5, 387.5, 392.5, 397.5, 402.5, 407.5, 412.5, 417.5, 422.5, 427.5, 432.5, 437.5, 442.5, 447.5, 452.5, 457.5, 462.5, 467.5, 472.5, 477.5, 482.5, 487.5, 492.5, 497.5, 502.5, 507.5, 512.5, 517.5, 522.5, 527.5, 532.5, 537.5, 542.5, 547.5, 552.5, 557.5, 562.5, 567.5, 572.5, 577.5, 582.5, 587.5, 592.5, 597.5, 602.5, 607.5, 612.5, 617.5, 622.5, 627.5, 632.5, 637.5, 642.5, 647.5, 652.5, 657.5, 662.5, 667.5, 672.5, 677.5, 682.5, 687.5, 692.5, 697.5, 702.5, 707.5, 712.5, 717.5, 722.5, 727.5, 732.5, 737.5, 742.5, 747.5, 752.5, 757.5, 762.5, 767.5, 772.5, 777.5, 782.5, 787.5, 792.5, 797.5, 802.5, 807.5, 812.5, 817.5]",0.046711247667698026,15.475043373711756,21.82826617615613,0.43002162788386067
PsFu,FA_ns,1,"[0.05983928658599233, 0.06378349568299747, 0.06423426243694091, 0.06220581204419542, 0.057585452816275105, 0.04440052526342934, 0.0500351096877224, 0.055106235669586154, 0.045302058771316225, 0.055895077488987185, 0.05093664319560929, 0.060177361651449914, 0.058486986324161994, 0.05814891125870441, 0.04766858422951931, 0.05882506138961958, 0.06479772087937023, 0.06491041256785608, 0.05330316865381238, 0.0640088790599692, 0.05882506138961958, 0.07065768868063502, 0.052514326834411346, 0.06333272892905403, 0.0590504447665913, 0.06367080399451161, 0.05792352788173269, 0.05983928658599233, 0.05696564852960287, 0.0542610480059422, 0.0557260399562584, 0.05335951449805531, 0.054711814759885645, 0.06203677451146662, 0.061360624380551454, 0.06147331606903732, 0.06265657879813886, 0.05533161904655788, 0.04913357617983551, 0.06220581204419542, 0.06569925438725711, 0.059501211520534746, 0.05893775307810544, 0.06592463776422884, 0.0590504447665913, 0.06006466996296405, 0.059501211520534746, 0.05938851983204888, 0.06637540451817228, 0.05713468606233166, 0.05533161904655788, 0.055669694112015465, 0.06434695412542678, 0.06367080399451161, 0.05651488177565942, 0.06090985762660801, 0.050542222285908774, 0.053472206186541166, 0.05623315255444477, 0.06029005333993578, 0.048457426048920345, 0.052063560080467905, 0.051500101638038594, 0.04935895955680723, 0.04564013383677381, 0.05127471826106687, 0.0605154367169075, 0.04716147163133294, 0.04693608825436121, 0.06440329996966972, 0.056852956841117006, 0.05459912307139978, 0.048457426048920345, 0.0562894983986877, 0.05538796489080081, 0.06564290854301419, 0.048851846958620854, 0.04828838851619155, 0.061135241003579734, 0.05933217398780596, 0.06085351178236508, 0.054880852292614433, 0.0610788951593368, 0.05938851983204888, 0.057810836193246826, 0.05307778527684066, 0.04744320085254759, 0.05465546891564271, 0.05313413112108358, 0.05786718203748976, 0.05189452254773911, 0.05674026515263115, 0.04778127591800518, 0.05341586034229824, 0.06130427853630853, 0.05448643138291392, 0.05245798099016842, 0.04693608825436121, 0.056402190087173565, 0.04840108020467741, 0.04823204267194862, 0.054880852292614433, 0.05307778527684066, 0.057810836193246826, 0.05476816060412858, 0.052288943457439625, 0.05792352788173269, 0.04924626786832137, 0.051500101638038594, 0.0500351096877224, 0.05262701852289721, 0.05257067267865428, 0.047724930073762245, 0.049866072154993606, 0.05104933488409515, 0.048682809425892065, 0.04513302123858744, 0.051105680728338085, 0.053753935407755825, 0.04180861642825453, 0.05871236970113372, 0.054204702161699266, 0.05617680671020184, 0.053472206186541166, 0.047499546696790525, 0.05211990592471084, 0.052063560080467905, 0.050598568130151705, 0.04592186305798846, 0.04761223838527638, 0.051105680728338085, 0.05538796489080081, 0.05211990592471084, 0.050598568130151705, 0.054880852292614433, 0.05161279332652446, 0.046767050721632425, 0.05961390320902061, 0.05245798099016842, 0.049640688778021885, 0.05285240189986893, 0.04541475045980209, 0.0555570024235296, 0.046034554746474325, 0.05527527320231495, 0.048851846958620854, 0.055895077488987185, 0.041695924739768665, 0.04631628396768898, 0.04811935098346276, 0.0494716512452931, 0.04135784967431108, 0.03899132421610799, 0.03730094888882008]","[52.5, 57.5, 62.5, 67.5, 72.5, 77.5, 82.5, 87.5, 92.5, 97.5, 102.5, 107.5, 112.5, 117.5, 122.5, 127.5, 132.5, 137.5, 142.5, 147.5, 152.5, 157.5, 162.5, 167.5, 172.5, 177.5, 182.5, 187.5, 192.5, 197.5, 202.5, 207.5, 212.5, 217.5, 222.5, 227.5, 232.5, 237.5, 242.5, 247.5, 252.5, 257.5, 262.5, 267.5, 272.5, 277.5, 282.5, 287.5, 292.5, 297.5, 302.5, 307.5, 312.5, 317.5, 322.5, 327.5, 332.5, 337.5, 342.5, 347.5, 352.5, 357.5, 362.5, 367.5, 372.5, 377.5, 382.5, 387.5, 392.5, 397.5, 402.5, 407.5, 412.5, 417.5, 422.5, 427.5, 432.5, 437.5, 442.5, 447.5, 452.5, 457.5, 462.5, 467.5, 472.5, 477.5, 482.5, 487.5, 492.5, 497.5, 502.5, 507.5, 512.5, 517.5, 522.5, 527.5, 532.5, 537.5, 542.5, 547.5, 552.5, 557.5, 562.5, 567.5, 572.5, 577.5, 582.5, 587.5, 592.5, 597.5, 602.5, 607.5, 612.5, 617.5, 622.5, 627.5, 632.5, 637.5, 642.5, 647.5, 652.5, 657.5, 662.5, 667.5, 672.5, 677.5, 682.5, 687.5, 692.5, 697.5, 702.5, 707.5, 712.5, 717.5, 722.5, 727.5, 732.5, 737.5, 742.5, 747.5, 752.5, 757.5, 762.5, 767.5, 772.5, 777.5, 782.5, 787.5, 792.5, 797.5, 802.5, 807.5, 812.5, 817.5]",0.05179939320031598,14.723840147040008,24.956624609937712,0.37429469448471825
PsFu,FA_ns,2,"[0.06606143331877196, 0.08279127682157784, 0.07190615428609838, 0.07169166911298548, 0.07153080523315081, 0.07860881594587638, 0.07935951405177151, 0.08070004638372712, 0.0730858227382193, 0.08370283880730765, 0.06954681738185652, 0.07683931326769498, 0.08370283880730765, 0.07700017714752966, 0.07801898171981592, 0.06316588348174787, 0.08702735899055754, 0.07989572698455376, 0.08429267303336813, 0.07780449654670302, 0.08316662587452542, 0.08836789132251315, 0.08053918250389244, 0.07973486310471908, 0.07941313534504973, 0.0757668874021305, 0.08005659086438842, 0.06643678237171953, 0.07630310033491275, 0.08204057871568271, 0.07356841437772332, 0.07222788204576772, 0.06804542117006625, 0.07705379844080788, 0.07431911248361846, 0.07721466232064256, 0.08053918250389244, 0.07474808282984424, 0.07153080523315081, 0.07925227146521506, 0.07190615428609838, 0.07984210569127553, 0.07136994135331613, 0.07759001137359012, 0.07764363266686834, 0.06788455729023157, 0.06809904246334447, 0.07051200066086455, 0.07474808282984424, 0.07072648583397745, 0.08767081450989624, 0.07276409497854996, 0.06970768126169119, 0.07292495885838464, 0.07217426075248949, 0.07088734971381212, 0.06579332685238085, 0.08070004638372712, 0.06584694814565907, 0.07238874592560239, 0.07029751548775166, 0.07646396421474742, 0.07453359765673136, 0.07292495885838464, 0.07281771627182819, 0.07158442652642903, 0.06938595350202185, 0.07796536042653769, 0.07378289955083622, 0.06895698315579606, 0.07024389419447344, 0.08643752476449708, 0.08016383345094487, 0.07389014213739266, 0.07088734971381212, 0.07689293456097321, 0.06981492384824764, 0.07238874592560239, 0.07410462731050556, 0.0717452904062637, 0.07485532541640069, 0.0683671489297356, 0.0757668874021305, 0.0708337284205339, 0.08118263802323113, 0.07099459230036857, 0.07426549119034023, 0.0746408402432878, 0.0694931960885783, 0.07249598851215884, 0.07683931326769498, 0.07233512463232417, 0.07968124181144086, 0.07828708818620703, 0.06842077022301382, 0.06809904246334447, 0.07238874592560239, 0.07796536042653769, 0.07539153834918294, 0.08150436578290048, 0.07389014213739266, 0.06917146832890896, 0.06713385918433644, 0.06970768126169119, 0.08150436578290048, 0.06820628504990092, 0.06960043867513474, 0.06037757623128022, 0.06005584847161088, 0.062200700202739836, 0.0688497405692396, 0.06611505461205018, 0.07072648583397745, 0.06332674736158254, 0.063916581587643, 0.06316588348174787, 0.0558733875959094, 0.054693719143788476, 0.062468806669130954, 0.06000222717833265, 0.06252242796240917, 0.051798169306764376, 0.05351405069166755, 0.054050263624449785, 0.052119897066433725, 0.054586476557232026, 0.049975045335304766, 0.05780375415392547, 0.061450002096844696, 0.05758926898081257, 0.052227139652990175, 0.04772295101761936, 0.052119897066433725, 0.06016309105816732, 0.06091378916406246, 0.05394302103789334, 0.049867802748748316, 0.051369198960538584, 0.0482591639504016, 0.05522993207657072, 0.05104747120086924, 0.05244162482610307, 0.05383577845133689, 0.051369198960538584, 0.05329956551855465, 0.04836640653695804, 0.05040401568153056, 0.04482740118059526, 0.05104747120086924, 0.049438832402522524, 0.04965331757563542, 0.03152932044759571, 0.04128839582423248, 0.039679757025885755]","[52.5, 57.5, 62.5, 67.5, 72.5, 77.5, 82.5, 87.5, 92.5, 97.5, 102.5, 107.5, 112.5, 117.5, 122.5, 127.5, 132.5, 137.5, 142.5, 147.5, 152.5, 157.5, 162.5, 167.5, 172.5, 177.5, 182.5, 187.5, 192.5, 197.5, 202.5, 207.5, 212.5, 217.5, 222.5, 227.5, 232.5, 237.5, 242.5, 247.5, 252.5, 257.5, 262.5, 267.5, 272.5, 277.5, 282.5, 287.5, 292.5, 297.5, 302.5, 307.5, 312.5, 317.5, 322.5, 327.5, 332.5, 337.5, 342.5, 347.5, 352.5, 357.5, 362.5, 367.5, 372.5, 377.5, 382.5, 387.5, 392.5, 397.5, 402.5, 407.5, 412.5, 417.5, 422.5, 427.5, 432.5, 437.5, 442.5, 447.5, 452.5, 457.5, 462.5, 467.5, 472.5, 477.5, 482.5, 487.5, 492.5, 497.5, 502.5, 507.5, 512.5, 517.5, 522.5, 527.5, 532.5, 537.5, 542.5, 547.5, 552.5, 557.5, 562.5, 567.5, 572.5, 577.5, 582.5, 587.5, 592.5, 597.5, 602.5, 607.5, 612.5, 617.5, 622.5, 627.5, 632.5, 637.5, 642.5, 647.5, 652.5, 657.5, 662.5, 667.5, 672.5, 677.5, 682.5, 687.5, 692.5, 697.5, 702.5, 707.5, 712.5, 717.5, 722.5, 727.5, 732.5, 737.5, 742.5, 747.5, 752.5, 757.5, 762.5, 767.5, 772.5, 777.5, 782.5, 787.5, 792.5, 797.5, 802.5, 807.5, 812.5, 817.5]",0.0619284154537556,12.975293897280437,17.600581216400347,0.43753414703533466
PsFu,FA_ns,3,"[0.06627781887391271, 0.0707179995501062, 0.08046473761979925, 0.07261319861921318, 0.0728297927985397, 0.07185511899157039, 0.0747791404124783, 0.07467084332281504, 0.0838760959441918, 0.07412935787449877, 0.073804466605509, 0.07239660443988667, 0.07163852481224388, 0.06876865193616759, 0.0643284712599741, 0.06746908686020851, 0.06990577137763178, 0.07905687545417692, 0.07039310828111643, 0.06654856159807085, 0.0782446472817025, 0.07023066264662155, 0.07943591526799831, 0.07364202097101412, 0.0720717131708969, 0.07862368709552389, 0.07494158604697318, 0.07077214809493783, 0.08268482795789599, 0.07689093366091179, 0.07261319861921318, 0.07992325217148297, 0.0842551357580132, 0.08024814344047274, 0.07797390455754435, 0.07775731037821784, 0.07223415880539179, 0.0716926733570755, 0.06676515577739735, 0.07153022772258062, 0.07564551712978435, 0.07044725682594806, 0.07683678511608016, 0.07077214809493783, 0.07412935787449877, 0.07412935787449877, 0.06573633342559643, 0.0716926733570755, 0.07483328895730992, 0.071476079177749, 0.07120533645359085, 0.07526647731596295, 0.07515818022629969, 0.08003154926114622, 0.06476165961862712, 0.07293808988820295, 0.06611537323941782, 0.07261319861921318, 0.06757738394987177, 0.06920184029482061, 0.07250490152954993, 0.07369616951584575, 0.07391276369517226, 0.0703389597362848, 0.07044725682594806, 0.06709004704638712, 0.07098874227426434, 0.06828131503268293, 0.07331712970202435, 0.061512746928729434, 0.06985162283280015, 0.06649441305323922, 0.0598882905837806, 0.0643284712599741, 0.06849790921200945, 0.06752323540504014, 0.0656821848807648, 0.06589877906009131, 0.07050140537077969, 0.06535729361177503, 0.06313720327367828, 0.07201756462606528, 0.07153022772258062, 0.06638611596357596, 0.05772234879051547, 0.05804724005950524, 0.06324550036334153, 0.06920184029482061, 0.07472499186764667, 0.06595292760492294, 0.07277564425370807, 0.062379123646035484, 0.06508655088761689, 0.06389528290132107, 0.05533981281792384, 0.058480428418158266, 0.06324550036334153, 0.062595717825362, 0.0653031450669434, 0.06162104401839269, 0.06346209454266805, 0.06324550036334153, 0.0591302109561378, 0.05295727684533221, 0.05241579139701593, 0.05783064588017873, 0.05339046520398523, 0.05826383423883175, 0.06010488476310711, 0.05133282050038337, 0.051441117590046624, 0.05425684192129128, 0.04949176997610801, 0.05588129826624012, 0.05068303796240383, 0.05512321863859733, 0.05252408848667919, 0.0483005019898122, 0.04743412527250615, 0.05869702259748478, 0.04797561072082243, 0.051982603038362905, 0.05490662445927082, 0.05490662445927082, 0.04797561072082243, 0.051116226321056855, 0.04591796601722056, 0.04765071945183266, 0.042560756237659626, 0.04797561072082243, 0.043427132954965676, 0.04689263982418987, 0.04451010385159824, 0.0492751757967815, 0.03952843772708846, 0.04299394459631265, 0.04602626310688382, 0.03866206100978241, 0.04689263982418987, 0.037362495933823334, 0.04505158929991452, 0.042885647506649395, 0.037362495933823334, 0.04039481444439451, 0.03898695227877218, 0.0483005019898122, 0.035521445409547985, 0.03627952503719078, 0.028698728760762852, 0.02523322189153866, 0.034330177423252166, 0.034655068692241935, 0.03270572107830333, 0.03357209779560937]","[52.5, 57.5, 62.5, 67.5, 72.5, 77.5, 82.5, 87.5, 92.5, 97.5, 102.5, 107.5, 112.5, 117.5, 122.5, 127.5, 132.5, 137.5, 142.5, 147.5, 152.5, 157.5, 162.5, 167.5, 172.5, 177.5, 182.5, 187.5, 192.5, 197.5, 202.5, 207.5, 212.5, 217.5, 222.5, 227.5, 232.5, 237.5, 242.5, 247.5, 252.5, 257.5, 262.5, 267.5, 272.5, 277.5, 282.5, 287.5, 292.5, 297.5, 302.5, 307.5, 312.5, 317.5, 322.5, 327.5, 332.5, 337.5, 342.5, 347.5, 352.5, 357.5, 362.5, 367.5, 372.5, 377.5, 382.5, 387.5, 392.5, 397.5, 402.5, 407.5, 412.5, 417.5, 422.5, 427.5, 432.5, 437.5, 442.5, 447.5, 452.5, 457.5, 462.5, 467.5, 472.5, 477.5, 482.5, 487.5, 492.5, 497.5, 502.5, 507.5, 512.5, 517.5, 522.5, 527.5, 532.5, 537.5, 542.5, 547.5, 552.5, 557.5, 562.5, 567.5, 572.5, 577.5, 582.5, 587.5, 592.5, 597.5, 602.5, 607.5, 612.5, 617.5, 622.5, 627.5, 632.5, 637.5, 642.5, 647.5, 652.5, 657.5, 662.5, 667.5, 672.5, 677.5, 682.5, 687.5, 692.5, 697.5, 702.5, 707.5, 712.5, 717.5, 722.5, 727.5, 732.5, 737.5, 742.5, 747.5, 752.5, 757.5, 762.5, 767.5, 772.5, 777.5, 782.5, 787.5, 792.5, 797.5, 802.5, 807.5, 812.5, 817.5]",0.05237570740928343,13.928503266171896,20.995974991664017,0.42063834819179236
S1,FAT_ns,1,"[0.12884381001542386, 0.136104475538834, 0.1215831444920137, 0.144157213664798, 0.13557642713713147, 0.12659960430818798, 0.11947095088520347, 0.12382735019924956, 0.12646759220776235, 0.12013101138733168, 0.1337282577311725, 0.12923984631670077, 0.11828284198137272, 0.1337282577311725, 0.1131343700647728, 0.12065905978903423, 0.11656668467583942, 0.1407248990537314, 0.12580753170563416, 0.11696272097711634, 0.11577461207328558, 0.11775479357967017, 0.11735875727839325, 0.11762278147924453, 0.1289758221158495, 0.12329930179754701, 0.12039503558818294, 0.12303527759669573, 0.10917400705200361, 0.13478435453457763, 0.131352039923511, 0.12343131389797266, 0.11973497508605475, 0.10851394654987542, 0.12303527759669573, 0.10864595865030106, 0.11392644266732663, 0.11762278147924453, 0.100989256825614, 0.11326638216519844, 0.1215831444920137, 0.11815082988094708, 0.11669869677626506, 0.1198669871864804, 0.11590662417371121, 0.10455358353710624, 0.11168223696009076, 0.09082432509283977, 0.11590662417371121, 0.10930601915242925, 0.12343131389797266, 0.09306853080007564, 0.10864595865030106, 0.10653376504349084, 0.11155022485966512, 0.1013852931268909, 0.10613772874221392, 0.11405845476775227, 0.10560968034051137, 0.09346456710135255, 0.10362949883412677, 0.10798589814817286, 0.09108834929369104, 0.10653376504349084, 0.10494961983838316, 0.0990090753192294, 0.10666577714391648, 0.09742493011412173, 0.09821700271667556, 0.09570877280858842, 0.10059322052433707, 0.10666577714391648, 0.10085724472518835, 0.09584078490901406, 0.0942566397039064, 0.08818408308432699, 0.09214444609709616, 0.08805207098390135, 0.0757749456443169, 0.072078606832399, 0.09544474860773715, 0.08950420408858338, 0.09372859130220383, 0.0855438410758142, 0.09016426459071157, 0.08131945386219375, 0.07960329655666044, 0.07722707874899894, 0.08092341756091682, 0.06587403811239397, 0.06825025592005547, 0.07445482464006051, 0.07524689724261434, 0.08105542966134247, 0.07933927235580916, 0.07009842532601442, 0.06125361459749659, 0.07762311505027585, 0.06164965089877351, 0.0683822680204811, 0.062177699300476064, 0.07194659473197336, 0.04884447715748651, 0.07458683674048615, 0.07155055843069645, 0.06930635272346058, 0.053596912772809514, 0.06693013491579908, 0.050164598161742895, 0.04910850135833778, 0.03933960592684048, 0.0421118600357789, 0.04197984793535327, 0.04448807784344041, 0.037491436520881535, 0.03762344862130717, 0.043431981040035296, 0.03947161802726612, 0.02640242008512784, 0.03617131551662514, 0.03102284360002521, 0.02613839588427656, 0.027326504788107314, 0.023762178076615056, 0.01663352465363054, 0.022178032871507387, 0.019009742461292046, 0.014257306845969034, 0.02310211757448686, 0.01478535524767159, 0.012013101138733167, 0.010428955933625497, 0.012409137440010085, 0.011485052737030611, 0.010560968034051136, 0.01597346415150234, 0.01636950045277926, 0.012541149540435724, 0.009504871230646023, 0.01161706483745625, 0.0067326171217075995, 0.005808532418728125, 0.007260665523410156, 0.008580786527666548, 0.007128653422984517, 0.006204568720005042, 0.003960363012769176, 0.0034323146110666193, 0.0064685929208563205, 0.0067326171217075995, 0.007656701824687074, 0.004620423514897372, 0.003828350912343537, 0.0009240847029794744]","[52.5, 57.5, 62.5, 67.5, 72.5, 77.5, 82.5, 87.5, 92.5, 97.5, 102.5, 107.5, 112.5, 117.5, 122.5, 127.5, 132.5, 137.5, 142.5, 147.5, 152.5, 157.5, 162.5, 167.5, 172.5, 177.5, 182.5, 187.5, 192.5, 197.5, 202.5, 207.5, 212.5, 217.5, 222.5, 227.5, 232.5, 237.5, 242.5, 247.5, 252.5, 257.5, 262.5, 267.5, 272.5, 277.5, 282.5, 287.5, 292.5, 297.5, 302.5, 307.5, 312.5, 317.5, 322.5, 327.5, 332.5, 337.5, 342.5, 347.5, 352.5, 357.5, 362.5, 367.5, 372.5, 377.5, 382.5, 387.5, 392.5, 397.5, 402.5, 407.5, 412.5, 417.5, 422.5, 427.5, 432.5, 437.5, 442.5, 447.5, 452.5, 457.5, 462.5, 467.5, 472.5, 477.5, 482.5, 487.5, 492.5, 497.5, 502.5, 507.5, 512.5, 517.5, 522.5, 527.5, 532.5, 537.5, 542.5, 547.5, 552.5, 557.5, 562.5, 567.5, 572.5, 577.5, 582.5, 587.5, 592.5, 597.5, 602.5, 607.5, 612.5, 617.5, 622.5, 627.5, 632.5, 637.5, 642.5, 647.5, 652.5, 657.5, 662.5, 667.5, 672.5, 677.5, 682.5, 687.5, 692.5, 697.5, 702.5, 707.5, 712.5, 717.5, 722.5, 727.5, 732.5, 737.5, 742.5, 747.5, 752.5, 757.5, 762.5, 767.5, 772.5, 777.5, 782.5, 787.5, 792.5, 797.5, 802.5, 807.5, 812.5, 817.5]",0.04181526142053689,9.772573951808834,90.1104906077042,0.27621995317957315
S1,FAT_ns,2,"[0.13547134012064155, 0.14210189515533705, 0.12845075243684628, 0.1322210680448104, 0.13274111157694338, 0.14236191692140354, 0.1354063346791249, 0.14028174279287162, 0.13469127482244206, 0.14951251548823202, 0.11700979472992071, 0.1296208503841455, 0.12481044771191542, 0.15510298345866155, 0.12806071978774655, 0.14444209104993547, 0.11974002327361886, 0.13326115510907638, 0.13612139453580777, 0.13170102451267743, 0.1382015686643397, 0.1353413292376083, 0.12767068713864682, 0.136251405418841, 0.11141932675949116, 0.11050925057825844, 0.1379415468982732, 0.1272806544895471, 0.11193937029162415, 0.12364034976461621, 0.12611055654224787, 0.1158396967826215, 0.12234024093428376, 0.12000004503968535, 0.13287112245997662, 0.12078011033788483, 0.13586137276974128, 0.116099718548688, 0.11661976208082098, 0.12091012122091807, 0.11531965325048853, 0.11961001239058562, 0.1305309265653782, 0.10894911998185951, 0.11948000150755238, 0.1132394791219566, 0.12806071978774655, 0.11518964236745528, 0.11726981649598721, 0.12195020828518403, 0.11336949000498985, 0.1262405674252811, 0.10556883702299513, 0.12182019740215079, 0.10335865201142996, 0.1158396967826215, 0.11635974031475449, 0.10634890232119461, 0.12182019740215079, 0.11791987091115343, 0.10023839081863208, 0.10218855406413076, 0.11961001239058562, 0.1279307089047133, 0.12390037153068272, 0.11427956618622256, 0.10881910909882626, 0.11362951177105633, 0.11531965325048853, 0.10855908733275978, 0.11362951177105633, 0.0980282058070669, 0.09776818404100042, 0.10699895673636083, 0.10699895673636083, 0.09906829287133287, 0.11505963148442204, 0.08125680189577827, 0.10413871730962944, 0.09698811874280094, 0.10348866289446321, 0.07657641010658145, 0.1006284234677318, 0.08827738957957351, 0.09763817315796718, 0.08151682366184476, 0.08658724810014133, 0.07215604008345111, 0.07995669306544582, 0.07683643187264794, 0.0790466168842131, 0.07709645363871442, 0.0681257027094205, 0.07579634480838197, 0.07007586595491919, 0.07436622509501628, 0.059024940897093335, 0.06994585507188594, 0.06383534356932341, 0.06305527827112394, 0.05837488648192711, 0.05473458175699624, 0.056814755885528166, 0.056424723236428435, 0.05798485383282737, 0.050834255265998884, 0.05525462528912922, 0.0503142117338659, 0.04238354786883795, 0.047713994073201, 0.03172265546011184, 0.03107260104494561, 0.04017336285727278, 0.03705310166447489, 0.03744313431357463, 0.03575299283414244, 0.030682568395845877, 0.029902503097646405, 0.035883003717175684, 0.03770315607964112, 0.0327627425243778, 0.02561214395754931, 0.03198267722617833, 0.03887325402694033, 0.024962089542383086, 0.024702067776316596, 0.030682568395845877, 0.033672818705610515, 0.03211268810921157, 0.02353196982901739, 0.028212361618214218, 0.03003251398067965, 0.029902503097646405, 0.025742154840582558, 0.03003251398067965, 0.024702067776316596, 0.01859155627375407, 0.026522220138782027, 0.022751904530817917, 0.01742145832645486, 0.017811490975554598, 0.019501632454986786, 0.019501632454986786, 0.010140848876593129, 0.011050925057825844, 0.015471295080956182, 0.012221023005125052, 0.011830990356025316, 0.0163813712621889, 0.01391116448455724, 0.00871072916322743, 0.005980500619529281, 0.010010837993559884, 0.009490794461426902]","[52.5, 57.5, 62.5, 67.5, 72.5, 77.5, 82.5, 87.5, 92.5, 97.5, 102.5, 107.5, 112.5, 117.5, 122.5, 127.5, 132.5, 137.5, 142.5, 147.5, 152.5, 157.5, 162.5, 167.5, 172.5, 177.5, 182.5, 187.5, 192.5, 197.5, 202.5, 207.5, 212.5, 217.5, 222.5, 227.5, 232.5, 237.5, 242.5, 247.5, 252.5, 257.5, 262.5, 267.5, 272.5, 277.5, 282.5, 287.5, 292.5, 297.5, 302.5, 307.5, 312.5, 317.5, 322.5, 327.5, 332.5, 337.5, 342.5, 347.5, 352.5, 357.5, 362.5, 367.5, 372.5, 377.5, 382.5, 387.5, 392.5, 397.5, 402.5, 407.5, 412.5, 417.5, 422.5, 427.5, 432.5, 437.5, 442.5, 447.5, 452.5, 457.5, 462.5, 467.5, 472.5, 477.5, 482.5, 487.5, 492.5, 497.5, 502.5, 507.5, 512.5, 517.5, 522.5, 527.5, 532.5, 537.5, 542.5, 547.5, 552.5, 557.5, 562.5, 567.5, 572.5, 577.5, 582.5, 587.5, 592.5, 597.5, 602.5, 607.5, 612.5, 617.5, 622.5, 627.5, 632.5, 637.5, 642.5, 647.5, 652.5, 657.5, 662.5, 667.5, 672.5, 677.5, 682.5, 687.5, 692.5, 697.5, 702.5, 707.5, 712.5, 717.5, 722.5, 727.5, 732.5, 737.5, 742.5, 747.5, 752.5, 757.5, 762.5, 767.5, 772.5, 777.5, 782.5, 787.5, 792.5, 797.5, 802.5, 807.5, 812.5, 817.5]",0.04492804657963146,8.166647261197944,45.591043151430455,0.2833284192048712
S1,FAT_ns,3,"[0.1542230068388256, 0.16580497177929074, 0.1551373724920202, 0.15285145835903366, 0.1438601961026199, 0.1345641452951413, 0.1613855377888501, 0.15483258394095534, 0.14599371596007402, 0.1694624343920692, 0.1462985045111389, 0.1560517381452148, 0.15330864118563098, 0.15208948698137148, 0.1626046919931096, 0.16153793206438252, 0.14812723581752812, 0.1395931563877117, 0.15894722938033112, 0.14325061900049016, 0.14446977320474966, 0.14904160147072273, 0.14873681291965787, 0.15628032955851348, 0.13570710236163458, 0.15567075245638373, 0.1491939957462552, 0.14523174458241184, 0.14279343617389287, 0.13349738536641423, 0.16047117213565548, 0.1438601961026199, 0.12816358572277897, 0.15803286372713649, 0.14370780182708748, 0.12770640289618165, 0.13227823116215476, 0.1491939957462552, 0.12008668911955984, 0.1206962662216896, 0.1299923170291682, 0.14706047588880108, 0.11482908661369079, 0.12930654278927223, 0.13060189413129794, 0.12374415173233831, 0.12450612311000049, 0.1206962662216896, 0.10347571308652428, 0.12313457463020856, 0.11033345548548391, 0.11917232346636522, 0.1043900787397189, 0.11932471774189767, 0.10743796425036763, 0.1081999356280298, 0.10179937605566748, 0.10073261612694043, 0.12496330593659781, 0.10378050163758916, 0.11185739824080827, 0.09958965906044716, 0.08998881970190366, 0.11132401827644475, 0.08160713454761967, 0.10286613598439454, 0.10118979895353773, 0.09951346192268093, 0.10576162721951082, 0.09814191344288901, 0.10370430449982293, 0.1014945875046026, 0.08823628553328064, 0.07619713776621817, 0.08884586263541039, 0.09326529662585105, 0.0792450232768669, 0.0713205209491802, 0.07116812667364777, 0.07391122363323163, 0.0742160121842965, 0.07223488660237483, 0.06812024116299904, 0.07391122363323163, 0.061872075866169156, 0.0742160121842965, 0.06522474992788276, 0.06202447014170159, 0.0603481331108448, 0.050594899476768866, 0.05486193919167708, 0.04419433990440654, 0.05882419035552043, 0.0540999678140149, 0.048613773894847195, 0.047851802517185016, 0.05684306477359876, 0.049375745272509375, 0.05669067049806632, 0.04724222541505527, 0.04556588838419847, 0.041451242944822685, 0.0608053159374421, 0.04358476280227679, 0.04038448301609563, 0.03245998068840894, 0.033983923443733306, 0.031240826484149452, 0.03428871199479818, 0.03840335743417396, 0.0301740665554224, 0.033983923443733306, 0.030936037933084578, 0.02666899821817636, 0.031240826484149452, 0.026211815391579053, 0.022706747054333017, 0.021944775676670834, 0.017372947410697743, 0.016915764584100434, 0.031545615035214324, 0.024992661187319562, 0.019354072992619417, 0.01920167871708698, 0.02377350698306007, 0.014325061900049016, 0.018287313063892363, 0.016763370308567997, 0.01539182182877607, 0.014782244726646326, 0.008534079429816436, 0.01417266762451658, 0.008686473705348871, 0.01295351342025709, 0.015239427553243635, 0.012496330593659781, 0.0073149252255569445, 0.007772108052154254, 0.012039147767062471, 0.01371548479791927, 0.006552953847894763, 0.010667599287270544, 0.009905627909608363, 0.008686473705348871, 0.007010136674492072, 0.011734359215997598, 0.004876616817037963, 0.003047885510648727, 0.004267039714908218, 0.005638588194700145, 0.0010667599287270545, 0.0015239427553243635, 0.0015239427553243635, 0.0012191542042594907]","[52.5, 57.5, 62.5, 67.5, 72.5, 77.5, 82.5, 87.5, 92.5, 97.5, 102.5, 107.5, 112.5, 117.5, 122.5, 127.5, 132.5, 137.5, 142.5, 147.5, 152.5, 157.5, 162.5, 167.5, 172.5, 177.5, 182.5, 187.5, 192.5, 197.5, 202.5, 207.5, 212.5, 217.5, 222.5, 227.5, 232.5, 237.5, 242.5, 247.5, 252.5, 257.5, 262.5, 267.5, 272.5, 277.5, 282.5, 287.5, 292.5, 297.5, 302.5, 307.5, 312.5, 317.5, 322.5, 327.5, 332.5, 337.5, 342.5, 347.5, 352.5, 357.5, 362.5, 367.5, 372.5, 377.5, 382.5, 387.5, 392.5, 397.5, 402.5, 407.5, 412.5, 417.5, 422.5, 427.5, 432.5, 437.5, 442.5, 447.5, 452.5, 457.5, 462.5, 467.5, 472.5, 477.5, 482.5, 487.5, 492.5, 497.5, 502.5, 507.5, 512.5, 517.5, 522.5, 527.5, 532.5, 537.5, 542.5, 547.5, 552.5, 557.5, 562.5, 567.5, 572.5, 577.5, 582.5, 587.5, 592.5, 597.5, 602.5, 607.5, 612.5, 617.5, 622.5, 627.5, 632.5, 637.5, 642.5, 647.5, 652.5, 657.5, 662.5, 667.5, 672.5, 677.5, 682.5, 687.5, 692.5, 697.5, 702.5, 707.5, 712.5, 717.5, 722.5, 727.5, 732.5, 737.5, 742.5, 747.5, 752.5, 757.5, 762.5, 767.5, 772.5, 777.5, 782.5, 787.5, 792.5, 797.5, 802.5, 807.5, 812.5, 817.5]",0.03178113346103718,7.761204007856642,139.70844722698283,0.22284226726031953
S1,FA_ns,1,"[0.10289436229983605, 0.10630583313544559, 0.1217124756188435, 0.09210971256145752, 0.10861682950795527, 0.11560484234863933, 0.11329384597612964, 0.11120294449623992, 0.10641588058175558, 0.10740630759854544, 0.10812161599956034, 0.10415990793240087, 0.10482019261026079, 0.12930574941423248, 0.10718621270592547, 0.12490385156183306, 0.11521967628655438, 0.10157379294411623, 0.10509531122603576, 0.12347323475980326, 0.1069661178133055, 0.11444934416238449, 0.11180820545094484, 0.10740630759854544, 0.1039398130397809, 0.12870048845952756, 0.11318379852981966, 0.10553550101127569, 0.1083967346153353, 0.10982735141736512, 0.10619578568913561, 0.10729626015223545, 0.10058336592732636, 0.10674602292068552, 0.10322450463876601, 0.1025642199609061, 0.11246849012880475, 0.0951910410581371, 0.11565986607179432, 0.11378905948452457, 0.10223407762197614, 0.10234412506828612, 0.10817663972271534, 0.09783217976957674, 0.1085067820616453, 0.09541113595075706, 0.10366469442400594, 0.10674602292068552, 0.12237276029670341, 0.10630583313544559, 0.1047651688871058, 0.10586564335020565, 0.10278431485352607, 0.11103787332677495, 0.10498526377972577, 0.10938716163212517, 0.12380337709873322, 0.09651161041385692, 0.10014317614208643, 0.10047331848101639, 0.09970298635684649, 0.09948289146422651, 0.10707616525961548, 0.09221976000776749, 0.1002532235883964, 0.10740630759854544, 0.10245417251459611, 0.09981303380315647, 0.103334552085076, 0.10355464697769597, 0.09794222721588672, 0.09596137318230699, 0.0856169132291684, 0.09133938043728762, 0.0937604242561073, 0.09684175275278688, 0.08154515771569895, 0.11224839523618478, 0.08990876363525781, 0.09750203743064678, 0.1003632710347064, 0.08594705556809835, 0.09563123084337703, 0.07879397155794932, 0.10564554845758568, 0.0767030700780596, 0.09607142062861698, 0.09409056659503724, 0.07846382921901936, 0.09133938043728762, 0.09332023447086735, 0.06888970139005066, 0.07802363943377942, 0.0752724532760298, 0.09155947532990759, 0.0803346358062891, 0.08253558473248881, 0.08055473069890907, 0.08319586941034872, 0.06382751885979135, 0.07912411389687928, 0.07648297518543963, 0.07329159924245006, 0.07428202625923994, 0.07219112477935022, 0.06910979628267064, 0.06019595313156184, 0.06327728162824142, 0.06393756630610134, 0.061846664826211616, 0.06833946415850074, 0.05777490931274217, 0.06888970139005066, 0.05832514654429209, 0.05337301146034276, 0.06690884735647093, 0.04996154062473323, 0.06283709184300149, 0.05821509909798211, 0.04478931064816393, 0.06239690205776154, 0.054143343584512664, 0.0472103544669836, 0.04632997489650372, 0.04677016468174366, 0.046660117235433674, 0.05150220487307302, 0.045559642772333826, 0.04214817193672429, 0.0494113033931833, 0.04005727045683457, 0.04655006978912369, 0.04566969021864381, 0.04137783981255439, 0.046660117235433674, 0.044569215755543956, 0.04412902597030402, 0.04864097126901341, 0.04225821938303427, 0.04225821938303427, 0.035325230265505214, 0.04379888363137406, 0.03917689088635469, 0.02773195647011624, 0.03576542005074515, 0.0376362266380149, 0.03422475580240536, 0.034334803248715344, 0.04126779236624441, 0.03268409155406557, 0.03114342730572578, 0.02993290539631594, 0.03268409155406557, 0.028942478379526078]","[52.5, 57.5, 62.5, 67.5, 72.5, 77.5, 82.5, 87.5, 92.5, 97.5, 102.5, 107.5, 112.5, 117.5, 122.5, 127.5, 132.5, 137.5, 142.5, 147.5, 152.5, 157.5, 162.5, 167.5, 172.5, 177.5, 182.5, 187.5, 192.5, 197.5, 202.5, 207.5, 212.5, 217.5, 222.5, 227.5, 232.5, 237.5, 242.5, 247.5, 252.5, 257.5, 262.5, 267.5, 272.5, 277.5, 282.5, 287.5, 292.5, 297.5, 302.5, 307.5, 312.5, 317.5, 322.5, 327.5, 332.5, 337.5, 342.5, 347.5, 352.5, 357.5, 362.5, 367.5, 372.5, 377.5, 382.5, 387.5, 392.5, 397.5, 402.5, 407.5, 412.5, 417.5, 422.5, 427.5, 432.5, 437.5, 442.5, 447.5, 452.5, 457.5, 462.5, 467.5, 472.5, 477.5, 482.5, 487.5, 492.5, 497.5, 502.5, 507.5, 512.5, 517.5, 522.5, 527.5, 532.5, 537.5, 542.5, 547.5, 552.5, 557.5, 562.5, 567.5, 572.5, 577.5, 582.5, 587.5, 592.5, 597.5, 602.5, 607.5, 612.5, 617.5, 622.5, 627.5, 632.5, 637.5, 642.5, 647.5, 652.5, 657.5, 662.5, 667.5, 672.5, 677.5, 682.5, 687.5, 692.5, 697.5, 702.5, 707.5, 712.5, 717.5, 722.5, 727.5, 732.5, 737.5, 742.5, 747.5, 752.5, 757.5, 762.5, 767.5, 772.5, 777.5, 782.5, 787.5, 792.5, 797.5, 802.5, 807.5, 812.5, 817.5]",0.061069186763969635,9.50326995932714,19.77690318099864,0.39913145708870174
S1,FA_ns,2,"[0.11762117727898276, 0.1129703399120842, 0.12272209568138762, 0.11627093417246383, 0.1302234462731595, 0.11597088014879295, 0.14942690378809545, 0.11147006979372984, 0.11807125831448907, 0.13577444571107067, 0.13697466180575416, 0.11852133934999538, 0.121821933610375, 0.13502431065189346, 0.1408753641134755, 0.1327739054743619, 0.1323238244388556, 0.12797304109562793, 0.12257206866955218, 0.1399752020424629, 0.13457422961638715, 0.1339741215690454, 0.12092177153936237, 0.13742474284126047, 0.11552079911328664, 0.1311236083441721, 0.11132004278189439, 0.13622452674657698, 0.16457963198347458, 0.11912144739733713, 0.12452241982341286, 0.11927147440917256, 0.13217379742702015, 0.13322398650986822, 0.12962333822581773, 0.13787482387676678, 0.1263227439654381, 0.13787482387676678, 0.13217379742702015, 0.10981977266354002, 0.11912144739733713, 0.11342042094759051, 0.11747115026714731, 0.11237023186474246, 0.11762117727898276, 0.11627093417246383, 0.12002160946834975, 0.11132004278189439, 0.11117001577005896, 0.1230221497050585, 0.11372047497126139, 0.10546898932031235, 0.10801944852151478, 0.10156828701259098, 0.10501890828480603, 0.12332220372872937, 0.10351863816645165, 0.11056990772271721, 0.12062171751569149, 0.0883659099710725, 0.09211658526695843, 0.08461523467518657, 0.11342042094759051, 0.08536536973436376, 0.09511712550366717, 0.10921966461619827, 0.10816947553335021, 0.08176472145031327, 0.07276310074018703, 0.10396871920195797, 0.07306315476385791, 0.08941609905392056, 0.08476526168702202, 0.07681383005974383, 0.08416515363968026, 0.07681383005974383, 0.09271669331430019, 0.0831149645568322, 0.0831149645568322, 0.07276310074018703, 0.08626553180537638, 0.0738132898230351, 0.09046628813676863, 0.06766218233778218, 0.07756396511892102, 0.08131464041480696, 0.0819147484621487, 0.08416515363968026, 0.07051269556265548, 0.0778640191425919, 0.06631193923126323, 0.07246304671651616, 0.059860777722339435, 0.08731572088822444, 0.06196115588803556, 0.0609109668051875, 0.06796223636145304, 0.06526175014841518, 0.05761037254480788, 0.06886239843246567, 0.05911064266316225, 0.0480086437873399, 0.05400972426075739, 0.05701026449746613, 0.059710750710504, 0.05220940011873214, 0.050859157012213205, 0.05701026449746613, 0.05896061565132681, 0.05535996736727632, 0.05370967023708651, 0.04530815757430203, 0.03960713112455542, 0.0544598052962637, 0.050859157012213205, 0.06361145301822536, 0.050859157012213205, 0.060760939793352065, 0.055059913343605445, 0.04860875183468165, 0.052659481154238456, 0.04980896792936515, 0.03495629375765687, 0.030305456390758313, 0.042907725384935036, 0.041857536302086974, 0.03690664491151755, 0.03180572650911268, 0.02925526730791025, 0.030605510414429188, 0.028055051213226753, 0.03900702307721367, 0.029555321331581126, 0.02880518627240394, 0.019653538550442273, 0.01920345751493596, 0.02715488914221413, 0.02190394372797383, 0.025504592012024322, 0.02250405177531558, 0.0246044299410117, 0.018753376479429647, 0.015752836242720905, 0.021603889704302954, 0.012902323017847599, 0.019053430503100523, 0.02445440292917626, 0.01980356556227771, 0.023704267869999077, 0.014702647159872845, 0.014252566124366532, 0.01755316038474615, 0.013652458077024783, 0.011852133934999539]","[52.5, 57.5, 62.5, 67.5, 72.5, 77.5, 82.5, 87.5, 92.5, 97.5, 102.5, 107.5, 112.5, 117.5, 122.5, 127.5, 132.5, 137.5, 142.5, 147.5, 152.5, 157.5, 162.5, 167.5, 172.5, 177.5, 182.5, 187.5, 192.5, 197.5, 202.5, 207.5, 212.5, 217.5, 222.5, 227.5, 232.5, 237.5, 242.5, 247.5, 252.5, 257.5, 262.5, 267.5, 272.5, 277.5, 282.5, 287.5, 292.5, 297.5, 302.5, 307.5, 312.5, 317.5, 322.5, 327.5, 332.5, 337.5, 342.5, 347.5, 352.5, 357.5, 362.5, 367.5, 372.5, 377.5, 382.5, 387.5, 392.5, 397.5, 402.5, 407.5, 412.5, 417.5, 422.5, 427.5, 432.5, 437.5, 442.5, 447.5, 452.5, 457.5, 462.5, 467.5, 472.5, 477.5, 482.5, 487.5, 492.5, 497.5, 502.5, 507.5, 512.5, 517.5, 522.5, 527.5, 532.5, 537.5, 542.5, 547.5, 552.5, 557.5, 562.5, 567.5, 572.5, 577.5, 582.5, 587.5, 592.5, 597.5, 602.5, 607.5, 612.5, 617.5, 622.5, 627.5, 632.5, 637.5, 642.5, 647.5, 652.5, 657.5, 662.5, 667.5, 672.5, 677.5, 682.5, 687.5, 692.5, 697.5, 702.5, 707.5, 712.5, 717.5, 722.5, 727.5, 732.5, 737.5, 742.5, 747.5, 752.5, 757.5, 762.5, 767.5, 772.5, 777.5, 782.5, 787.5, 792.5, 797.5, 802.5, 807.5, 812.5, 817.5]",0.04765208608388685,8.286316677301986,44.72449746296953,0.227816680548272
S1,FA_ns,3,"[0.14285974372251703, 0.138223322019555, 0.12938514314828367, 0.13503578209876863, 0.1285158140789783, 0.1402517565146009, 0.13836821019777257, 0.16299920049475827, 0.13141357764332956, 0.1570587851878382, 0.12431405691066896, 0.15633434429675036, 0.13344201213837542, 0.12677715594036754, 0.13880287473242525, 0.14459840186112777, 0.15300191619774642, 0.14358418461360484, 0.13619488752450912, 0.12677715594036754, 0.13735399295024964, 0.1351806702769862, 0.11750431253444352, 0.13909265108886038, 0.1417006382967765, 0.1457575072868683, 0.15358146891061666, 0.12909536679184855, 0.11880830613840157, 0.12286517512849333, 0.13996198015816577, 0.1230100633067109, 0.12677715594036754, 0.12098162881166502, 0.1327175712472876, 0.1308340249304593, 0.1354704466334213, 0.12909536679184855, 0.13764376930668476, 0.13851309837599013, 0.11272300265326393, 0.12474872144532166, 0.12561805051462704, 0.1303993603958066, 0.12098162881166502, 0.1398170919799482, 0.11359233172256931, 0.12098162881166502, 0.12663226776214997, 0.11692475982157326, 0.09895862572259546, 0.10576837009882091, 0.11098434451465318, 0.10547859374238579, 0.10185638928694672, 0.09866884936616033, 0.111708785405741, 0.11880830613840157, 0.11576565439583275, 0.12156118152453527, 0.11735942435622594, 0.10301549471268723, 0.10272571835625209, 0.10997012726713024, 0.10881102184138974, 0.0988137375443779, 0.09577108580180907, 0.111708785405741, 0.111708785405741, 0.08620846603944993, 0.08562891332657967, 0.10547859374238579, 0.08360047883153379, 0.10040750750477109, 0.10649281098990873, 0.07650095809887321, 0.08157204433648792, 0.09041022320775925, 0.09258354588102269, 0.07679073445530833, 0.08374536700975135, 0.09026533502954169, 0.07331341817808683, 0.09635063851467933, 0.07273386546521657, 0.05998370578207104, 0.0651996801979033, 0.08099249162361766, 0.06215702845533448, 0.06867699647512482, 0.0499864214850592, 0.048102875168230884, 0.06882188465334238, 0.05085575055436458, 0.059404153069200785, 0.058245047643460286, 0.05694105403950222, 0.067952555584037, 0.06157747574246423, 0.05607172497019684, 0.05867971217811297, 0.05346373776228071, 0.05447795500980365, 0.051725079623669956, 0.048102875168230884, 0.0499864214850592, 0.03810559087121904, 0.03926469629695955, 0.044915335247444496, 0.05100063873258214, 0.04071357807913518, 0.043176677108833744, 0.04071357807913518, 0.03955447265339467, 0.04042380172270005, 0.0410033544355703, 0.038250479049436605, 0.03694648544547854, 0.028108306574207202, 0.0331793928118219, 0.03752603815834879, 0.0320202873860814, 0.02607987207916132, 0.038250479049436605, 0.021733226732634434, 0.033758945524692156, 0.023326996693027627, 0.022167891267287125, 0.03144073467321115, 0.025645207544508632, 0.018255910455412926, 0.01941501588115343, 0.019849680415806117, 0.01854568681184805, 0.01854568681184805, 0.019125239524718302, 0.017241693207889985, 0.015068370534626542, 0.019704792237588555, 0.015068370534626542, 0.014778594178191416, 0.0068097443762254566, 0.011735942435622594, 0.011735942435622594, 0.009417731584141588, 0.013764376930668475, 0.009852396118794278, 0.011735942435622594, 0.007389297089095708, 0.005650638950484953, 0.00854840251483621, 0.00550575077226739, 0.002752875386133695, 0.0004346645346526887]","[52.5, 57.5, 62.5, 67.5, 72.5, 77.5, 82.5, 87.5, 92.5, 97.5, 102.5, 107.5, 112.5, 117.5, 122.5, 127.5, 132.5, 137.5, 142.5, 147.5, 152.5, 157.5, 162.5, 167.5, 172.5, 177.5, 182.5, 187.5, 192.5, 197.5, 202.5, 207.5, 212.5, 217.5, 222.5, 227.5, 232.5, 237.5, 242.5, 247.5, 252.5, 257.5, 262.5, 267.5, 272.5, 277.5, 282.5, 287.5, 292.5, 297.5, 302.5, 307.5, 312.5, 317.5, 322.5, 327.5, 332.5, 337.5, 342.5, 347.5, 352.5, 357.5, 362.5, 367.5, 372.5, 377.5, 382.5, 387.5, 392.5, 397.5, 402.5, 407.5, 412.5, 417.5, 422.5, 427.5, 432.5, 437.5, 442.5, 447.5, 452.5, 457.5, 462.5, 467.5, 472.5, 477.5, 482.5, 487.5, 492.5, 497.5, 502.5, 507.5, 512.5, 517.5, 522.5, 527.5, 532.5, 537.5, 542.5, 547.5, 552.5, 557.5, 562.5, 567.5, 572.5, 577.5, 582.5, 587.5, 592.5, 597.5, 602.5, 607.5, 612.5, 617.5, 622.5, 627.5, 632.5, 637.5, 642.5, 647.5, 652.5, 657.5, 662.5, 667.5, 672.5, 677.5, 682.5, 687.5, 692.5, 697.5, 702.5, 707.5, 712.5, 717.5, 722.5, 727.5, 732.5, 737.5, 742.5, 747.5, 752.5, 757.5, 762.5, 767.5, 772.5, 777.5, 782.5, 787.5, 792.5, 797.5, 802.5, 807.5, 812.5, 817.5]",0.03968618917904701,9.129506302544007,105.00119216252682,0.23953035615743454
